title,vendor,ingredient_slug,platform,price_eur,dose_mg,servings,notes
MoleQlar NMN Uthever 500 mg Kapseln,MoleQlar,nad-precursors,amazon-de,89.9,500,60,"Uthever NMN, ISO 22000 Laborprüfung"
MoleQlar NMN Sublingual Tabs 250 mg,MoleQlar,nad-precursors,amazon-de,64.9,250,120,"Schnelllösliche Sublingualtabletten, deutsche Charge"
Do Not Age NR Cell Restoration 300 mg,Do Not Age,nad-precursors,shop-apotheke,74.5,300,60,"Niagen Lizenzrohstoff, third-party getestet"
Renue by Science LIPO NAD+ Complete,Renue by Science,nad-precursors,iherb,109.0,400,60,"Liposomale NR+NMN Mischung, HPLC geprüft"
Life Extension NAD+ Cell Regenerator,Life Extension,nad-precursors,amazon-de,46.5,300,30,"Niagen NR, USP geprüfte Charge"
Life Extension NAD+ Cell Regenerator Mega Pack,Life Extension,nad-precursors,iherb,82.0,300,60,"Doppelpack mit Niagen NR, cGMP"
Thorne NiaCel 400,Thorne,nad-precursors,amazon-de,92.0,400,60,"NR mit Resveratrol, NSF Certified for Sport"
Thorne ResveraCel,Thorne,nad-precursors,iherb,118.0,415,60,"NR + Quercetin + Betaine, NSF geprüft"
Pure Encapsulations NAD+ Cell Support,Pure Encapsulations,nad-precursors,amazon-de,84.9,300,60,"Niagen NR, hypoallergen, cGMP"
Pure Encapsulations TMG Pulver,Pure Encapsulations,nad-precursors,amazon-de,39.9,2000,60,"Trimethylglycin Pulver, laborgeprüft"
Jarrow Formulas Niagen 300 mg,Jarrow Formulas,nad-precursors,iherb,57.9,300,60,"Niagen Lizenz, dritte Partei getestet"
Jarrow Formulas TMG Crystals,Jarrow Formulas,nad-precursors,amazon-de,27.5,2000,50,"Pulverform, veganes Trimethylglycin"
NOW Foods Niacinamide 500 mg,NOW Foods,nad-precursors,amazon-de,21.9,500,100,"Flush-free Niacinamid, UL geprüfte Anlage"
NOW Foods TMG 1000 mg,NOW Foods,nad-precursors,amazon-de,29.5,1000,100,"GMP zertifiziert, vegan"
Double Wood NMN 500 mg,Double Wood,nad-precursors,amazon-de,69.9,500,60,"Uthever NMN, COA verfügbar"
Double Wood NR 300 mg,Double Wood,nad-precursors,amazon-de,54.9,300,60,"Niagen NR, zweifach getestet"
Nootropics Depot NMN 250 mg,Nootropics Depot,nad-precursors,amazon-de,64.0,250,120,"HPLC-verifiziert, vegane Kapseln"
Nootropics Depot NR 300 mg,Nootropics Depot,nad-precursors,amazon-de,72.0,300,90,"Niagen Rohstoff, Chargenzertifikat beigelegt"
Youth & Earth Sublingual NMN 250 mg,Youth & Earth,nad-precursors,amazon-de,59.5,250,120,"Sublingualtabletten, Informed-Sport"
Youth & Earth Liposomal NMN 500 mg,Youth & Earth,nad-precursors,amazon-de,84.0,500,60,Liposomale Formel mit Sonnenblumenlecithin
Braineffect NAD+ Boost,Braineffect,nad-precursors,amazon-de,49.9,300,60,"NR + TMG + B-Vitamine, in Deutschland hergestellt"
Sunday Natural NMN 400 mg,Sunday Natural,nad-precursors,amazon-de,76.0,400,60,"Fermentativ gewonnen, laborgeprüft"
Sunday Natural TMG Komplex,Sunday Natural,nad-precursors,amazon-de,32.0,1500,60,"Betain aus Zuckerrübe, Bio-Zertifizierung"
Sentias NMN + Trans-Resveratrol,Sentias,nad-precursors,amazon-de,69.0,500,60,Uthever NMN plus Trans-Resveratrol
MoleQlar NR Ultra 500 mg,MoleQlar,nad-precursors,amazon-de,94.0,500,60,"Niagen NR, vegane Pullulan-Kapseln"
MoleQlar TMG Plus 2000 mg,MoleQlar,nad-precursors,amazon-de,44.0,2000,60,"Trimethylglycin mit Folat, ISO 9001"
ProHealth Longevity NMN Pro 500,ProHealth Longevity,nad-precursors,iherb,95.0,500,60,"Uthever Rohstoff, 3rd-Party COA"
ProHealth Longevity NMN Lozenges 125 mg,ProHealth Longevity,nad-precursors,iherb,69.0,125,240,Sublingualtabletten mit Minzgeschmack
Genex Formulas NMN 500 mg,Genex Formulas,nad-precursors,amazon-de,82.0,500,60,"Pharmaqualität, HPLC geprüft"
Livella Labs NMN 300 mg,Livella Labs,nad-precursors,amazon-de,58.0,300,90,"Made in Germany, TÜV Labor"
Feel Nature NR 350 mg,Feel Nature,nad-precursors,amazon-de,67.0,350,60,"Niagen NR + PQQ, deutsche Herstellung"
Longeviq NMN Pure Powder,Longeviq,nad-precursors,amazon-de,99.0,1000,120,"Reines Pulver, Messlöffel inklusive"
Elevant Prime NMN 125 mg,Elevant,nad-precursors,shop-apotheke,69.9,125,120,"Bioverfügbares NMN, EFSA-konform"
BodyBio TMG 750 mg,BodyBio,nad-precursors,iherb,42.0,750,100,"Methylspender, Arztformel"
Designs for Health TMG Powder,Designs for Health,nad-precursors,iherb,38.0,2000,60,"Unflavoured Pulver, cGMP"
Life Extension Senolytic Activator,Life Extension,senolytics,amazon-de,64.9,500,30,"Fisetin + Quercetin + Theaflavin, third-party getestet"
Life Extension Fisetin Elite 125 mg,Life Extension,senolytics,iherb,48.9,125,30,"Fisetin mit BioPerine, glutenfrei"
Double Wood Fisetin 500 mg,Double Wood,senolytics,amazon-de,44.9,500,60,"USA produziert, COA verfügbar"
Double Wood Quercetin Dihydrate,Double Wood,senolytics,amazon-de,38.5,500,120,"High-Purity Quercetin, lab tested"
NOW Foods Fisetin 100 mg,NOW Foods,senolytics,iherb,29.9,100,90,"Vegan, Non-GMO"
NOW Foods Quercetin with Bromelain,NOW Foods,senolytics,amazon-de,34.0,800,60,Mit Vitamin C und Bromelain
Thorne Quercenase,Thorne,senolytics,amazon-de,52.0,250,60,"Quercetin + Bromelain, NSF Certified"
Thorne Fisetin Complex,Thorne,senolytics,amazon-de,74.0,150,60,Fisetin + Piperin + Curcumin
Pure Encapsulations Quercetin 250 mg,Pure Encapsulations,senolytics,amazon-de,39.0,250,120,"Hypoallergen, cGMP"
Pure Encapsulations Fisetin Ultra,Pure Encapsulations,senolytics,amazon-de,62.0,200,60,"Phytosome Technologie, vegan"
Jarrow Formulas Quercetin 500 mg,Jarrow Formulas,senolytics,iherb,31.9,500,100,"Vegetarische Kapseln, QC getestet"
Jarrow Formulas Apigenin 50 mg,Jarrow Formulas,senolytics,amazon-de,29.0,50,90,Apigenin aus Kamillenextrakt
Swanson Fisetin 100 mg,Swanson,senolytics,amazon-de,23.9,100,60,"GMP, lab verified"
Swanson Quercetin & Bromelain,Swanson,senolytics,amazon-de,27.5,500,120,"Vegetarian, Lab Verified"
Nuzena Fisetin Pure+,Nuzena,senolytics,amazon-de,58.0,500,60,"Third-party tested, vegan"
RevGenetics Fisetin R,RevGenetics,senolytics,amazon-de,69.0,250,90,"Patented Fisetin, COA"
Toniiq Ultra High Purity Fisetin,Toniiq,senolytics,amazon-de,44.0,300,90,"98% Reinheit, ISO 9001 QA"
Toniiq Ultra Quercetin,Toniiq,senolytics,amazon-de,32.0,600,120,"95% Reinheit, HPLC geprüft"
Sentias Senolytic Stack,Sentias,senolytics,amazon-de,59.0,400,60,"Fisetin + Quercetin + Piperin, vegan"
MoleQlar Fisetin 250 mg,MoleQlar,senolytics,amazon-de,52.0,250,60,"Hochreines Fisetin, TÜV geprüft"
MoleQlar Apigenin 50 mg,MoleQlar,senolytics,amazon-de,46.0,50,90,Laborgeprüftes Schlafsupport
Longvida Fisetin Complex,Longvida,senolytics,amazon-de,68.0,150,60,Longvida Liposomal Technologie
Braineffect Senoclear,Braineffect,senolytics,amazon-de,54.0,300,60,"Fisetin + Curcumin, Clean Label"
Nutravance Quercetin Plus,Nutravance,senolytics,amazon-de,36.0,500,90,"Mit Vitamin D3, vegan"
Fairvital Fisetin 250 mg,Fairvital,senolytics,amazon-de,42.5,250,60,"Made in Germany, laborgeprüft"
Sunday Natural Apigenin Komplex,Sunday Natural,senolytics,amazon-de,38.5,50,60,"Apigenin + Myricetin, Bio-Extrakte"
Vit4ever Fisetin 500 mg,Vit4ever,senolytics,amazon-de,39.9,500,90,"Hochdosiert, Hergestellt in Deutschland"
Natural Elements Quercetin Forte,Natural Elements,senolytics,amazon-de,34.9,400,90,"Mit Acerola Vitamin C, chargengeprüft"
Nutri & Co Senolyse,Nutri & Co,senolytics,amazon-de,58.9,420,60,"Fisetin + Quercetin + EGCG, ISO zertifiziert"
Biohealth Senolytic Complete,Biohealth,senolytics,shop-apotheke,69.9,450,60,"Klinisch inspirierte Mischung, vegan"
Thorne CoQ10 100 mg,Thorne,antioxidants,amazon-de,44.0,100,60,"Gelcaps mit MCT, NSF Sport"
Thorne Glutathione-SR 100 mg,Thorne,antioxidants,amazon-de,56.0,100,60,"Sustained Release Form, NSF"
Thorne Alpha-Lipoic Acid 300 mg,Thorne,antioxidants,amazon-de,38.0,300,60,"NSF Sport, vegan"
Life Extension Super Ubiquinol CoQ10 100 mg,Life Extension,antioxidants,amazon-de,60.0,100,30,"Kaneka Ubiquinol, lipidbasierte Kapseln"
Life Extension Glutathione Elevated Setria,Life Extension,antioxidants,iherb,52.0,500,30,"Setria Glutathion, cGMP"
Life Extension Alpha-Lipoic Acid 250 mg,Life Extension,antioxidants,amazon-de,36.0,250,60,"R-ALA, third-party tested"
NOW Foods CoQ10 200 mg,NOW Foods,antioxidants,amazon-de,48.0,200,60,"Kaneka Q10, vegetarisch"
NOW Foods NAC 600 mg Effervescent,NOW Foods,antioxidants,amazon-de,32.0,600,90,"Brausetabletten, GMP Anlage"
NOW Foods Alpha Lipoic Acid 300 mg,NOW Foods,antioxidants,amazon-de,31.0,300,120,"Kosher, Non-GMO"
NOW Foods Astaxanthin 10 mg,NOW Foods,antioxidants,amazon-de,28.0,10,60,Haematococcus pluvialis aus Schweden
Jarrow Formulas Glutathione Reduced 500 mg,Jarrow Formulas,antioxidants,amazon-de,44.0,500,60,"Setria Glutathion, vegane Kapseln"
Jarrow Formulas Alpha Lipoic Sustain 300 mg,Jarrow Formulas,antioxidants,amazon-de,35.0,300,60,Sustained-release mit Biotin
Doctor's Best High Absorption CoQ10 200 mg,Doctors Best,antioxidants,amazon-de,42.0,200,60,Kaneka Q10 + BioPerine
Doctor's Best NAC Detox Regulators,Doctors Best,antioxidants,amazon-de,36.9,600,60,Setria + Selen + Molybdän
Doctor's Best R-Lipoic Acid 100 mg,Doctors Best,antioxidants,amazon-de,39.5,100,60,BioEnhanced Na-RALA
Pure Encapsulations Glutathion 250 mg,Pure Encapsulations,antioxidants,amazon-de,52.9,250,60,"Setria, hypoallergen"
Pure Encapsulations CoQ10 120 mg,Pure Encapsulations,antioxidants,amazon-de,58.0,120,60,"Kaneka Q10, MCT Basis"
Pure Encapsulations Alpha Lipoic Acid 200 mg,Pure Encapsulations,antioxidants,amazon-de,42.0,200,60,"Vegan, cGMP"
Braineffect Glutathion+,Braineffect,antioxidants,amazon-de,49.9,300,30,"Liposomal, Kaltverfahren"
Braineffect CoQ10 Performance,Braineffect,antioxidants,amazon-de,45.0,150,60,"Kaneka + Piperin, vegan"
Sentias NAC Pure,Sentias,antioxidants,amazon-de,33.0,600,120,"Pharmaqualität, Deutschland"
Vit4ever NAC 1000 mg,Vit4ever,antioxidants,amazon-de,29.9,1000,90,"Labor geprüft, vegan"
Vit4ever Astaxanthin 12 mg,Vit4ever,antioxidants,amazon-de,34.9,12,120,Ölmatrix mit Olivenöl
Natural Elements Glutathion Komplex,Natural Elements,antioxidants,amazon-de,39.9,250,90,"Mit Selen & Vitamin C, chargengeprüft"
Natural Elements Alpha-Liponsäure Gold,Natural Elements,antioxidants,amazon-de,36.9,600,60,"R-ALA, vegan"
Sunday Natural Astaxanthin Ölkapseln,Sunday Natural,antioxidants,amazon-de,42.0,12,60,"Island Algen, Bio-Leinöl"
Sunday Natural Glutathion Setria,Sunday Natural,antioxidants,amazon-de,59.5,250,60,"Liposomal, laborgeprüft"
Sunday Natural Ergothionein Komplex,Sunday Natural,antioxidants,amazon-de,68.0,5,60,Ergoneine aus Bio-Pilzen
KAL CoQ10 Ubiquinol 100 mg,KAL,antioxidants,iherb,38.0,100,60,"Kaneka QH, Softgel"
Solgar Glutathione Reduced 250 mg,Solgar,antioxidants,amazon-de,44.0,250,60,Kosher & Halal
Garden of Life RAW CoQ10 200 mg,Garden of Life,antioxidants,iherb,64.0,200,60,RAW Whole Food Lipid Blend
MoleQlar Hydroxytyrosol 25 mg,MoleQlar,antioxidants,amazon-de,44.0,25,60,"Olivenpolyphenole, Labor geprüft"
Nootropics Depot L-Ergothioneine 5 mg,Nootropics Depot,antioxidants,amazon-de,56.0,5,60,"Miron-Violettglas, HPLC"
Swanson L-Ergothioneine 5 mg,Swanson,antioxidants,amazon-de,34.0,5,60,"Thioneine, Lab Verified"
Pharma Nord Bio-Quinone Q10 Gold 100 mg,Pharma Nord,antioxidants,shop-apotheke,52.0,100,60,"Pharmaqualität, dänische Herstellung"
Thorne Ashwagandha,Thorne,adaptogens,amazon-de,38.0,500,60,"Sensoril standardisiert, NSF"
Pure Encapsulations Ashwagandha KSM-66,Pure Encapsulations,adaptogens,amazon-de,39.9,500,60,"KSM-66 Root Extract, hypoallergen"
Life Extension Optimized Ashwagandha,Life Extension,adaptogens,amazon-de,33.9,125,60,Shoden 35% Withanolide
NOW Foods Ashwagandha Extract 450 mg,NOW Foods,adaptogens,amazon-de,24.0,450,90,"Standardisiert auf 2,5% Withanolide"
Nootropics Depot KSM-66 Ashwagandha,Nootropics Depot,adaptogens,amazon-de,42.0,600,120,Third-party COA
Thorne Rhodiola,Thorne,adaptogens,amazon-de,37.0,200,60,"3% Rosavin, NSF"
Pure Encapsulations Rhodiola,Pure Encapsulations,adaptogens,amazon-de,35.0,200,60,"3% Rosavine, 1% Salidroside"
Life Extension Rhodiola Extract,Life Extension,adaptogens,amazon-de,28.0,250,60,"3% Rosavin, Non-GMO"
NOW Foods Rhodiola 500 mg,NOW Foods,adaptogens,amazon-de,29.5,500,60,"3% Rosavin, Kosher"
Nature's Way Rhodiola Rosea,Nature's Way,adaptogens,amazon-de,32.0,250,60,"Standardized, Tru-ID"
il Hwa Korean Ginseng Extract,il Hwa,adaptogens,shop-apotheke,58.0,200,60,"Panax Ginseng G115, Pharmaqualität"
Dr. Jacob's Ginseng Plus,Dr. Jacob's,adaptogens,amazon-de,39.9,200,60,"Panax + B-Vitamine, Made in Germany"
Terranova Siberian Ginseng Complex,Terranova,adaptogens,amazon-de,44.0,300,50,Full-spectrum Magnifood
Vit4ever Panax Ginseng 1200 mg,Vit4ever,adaptogens,amazon-de,29.9,1200,90,"80% Ginsenoside, vegan"
Sunday Natural Korean Ginseng,Sunday Natural,adaptogens,amazon-de,42.9,400,60,"6 Jahre gereift, Bio"
Nootropics Depot Bacopa Monnieri 24%,Nootropics Depot,adaptogens,amazon-de,39.9,320,90,"Bacoside A 24%, COA"
Double Wood Bacopa 50%,Double Wood,adaptogens,amazon-de,34.9,300,120,Bacognize Markenextrakt
Life Extension Cognitex Bacopa,Life Extension,adaptogens,amazon-de,49.0,300,60,Bacopa + Phosphatidylserin
Himalaya Bacopa MindCare,Himalaya,adaptogens,amazon-de,24.9,250,60,"Klinisch untersucht, vegan"
Pure Encapsulations Bacopa monnieri,Pure Encapsulations,adaptogens,amazon-de,41.0,320,60,"Bacognize, hypoallergen"
Nootropics Depot Lion's Mane Fruiting Body,Nootropics Depot,adaptogens,amazon-de,46.0,1000,60,"Heißwasserextrakt, COA"
Double Wood Lion's Mane,Double Wood,adaptogens,amazon-de,39.9,1000,60,"Hericium erinaceus, Fruchtkörper"
Host Defense Lion's Mane,Host Defense,adaptogens,amazon-de,52.0,1000,60,"Paul Stamets, organic"
Sunday Natural Lion's Mane Bio,Sunday Natural,adaptogens,amazon-de,44.9,1000,60,"Bio zertifiziert, Doppel-Extrakt"
KÄÄPÄ Health Lion's Mane Tincture,KÄÄPÄ Health,adaptogens,amazon-de,36.0,1000,30,"Dual Extraction, finnische Pilze"
Nootropics Depot Cordyceps Militaris 10:1,Nootropics Depot,adaptogens,amazon-de,49.0,1000,60,">25% Beta-Glucane, COA"
Double Wood Cordyceps,Double Wood,adaptogens,amazon-de,32.9,1000,120,"Cordyceps militaris, COA"
Host Defense Cordyceps,Host Defense,adaptogens,amazon-de,54.0,1000,60,Organic fruiting body
Sunday Natural Cordyceps CS-4,Sunday Natural,adaptogens,amazon-de,48.0,750,60,"CS-4 Stamm, HPLC"
KÄÄPÄ Health Cordyceps Extract,KÄÄPÄ Health,adaptogens,amazon-de,36.0,1000,30,"Dual extrahiert, Tropfen"
Nootropics Depot Reishi 1:1,Nootropics Depot,adaptogens,amazon-de,44.0,1000,60,"Ganoderma lucidum, Fruchtkörper"
Double Wood Reishi,Double Wood,adaptogens,amazon-de,34.0,1000,120,"10:1 Extrakt, third-party getestet"
Host Defense Reishi,Host Defense,adaptogens,amazon-de,52.0,1000,60,US-grown organic
Sunday Natural Reishi Sporenöl,Sunday Natural,adaptogens,amazon-de,59.0,200,60,"CO2 extrahiert, Bio"
Terranova Reishi Super-Blend,Terranova,adaptogens,amazon-de,46.0,400,50,Magnifood Complex
Dragon Herbs Spring Dragon Longevity Tea,Dragon Herbs,adaptogens,amazon-de,29.0,500,60,Fermentierter Jiaogulan Tee
Sunday Natural Jiaogulan Bio Kapseln,Sunday Natural,adaptogens,amazon-de,32.0,500,60,"Bio-Blätter, standardisiert"
Fairvital Jiaogulan Extrakt,Fairvital,adaptogens,amazon-de,36.0,400,90,GMP deutsches Labor
Nature Love Jiaogulan Pulver,Nature Love,adaptogens,amazon-de,28.0,1000,60,"Vegan, laborgeprüft"
Sevenhills Maca Pulver Bio,Sevenhills Wholefoods,adaptogens,amazon-de,21.0,5000,100,Bio zertifiziert aus Peru
Vegavero Maca Complex,Vegavero,adaptogens,amazon-de,32.0,2000,60,"Schwarz, Rot & Gelb Maca, vegan"
Sunday Natural Maca Trio,Sunday Natural,adaptogens,amazon-de,38.0,3000,60,"Bio zertifiziert, drei Sorten"
Nu U Nutrition Maca 3000 mg,Nu U Nutrition,adaptogens,amazon-de,23.0,3000,180,"Vegan, Non-GMO"
Braineffect Daily Maca,Braineffect,adaptogens,amazon-de,29.0,1200,60,"Mit Cordyceps, Made in EU"
Sunday Natural Schisandra Bio,Sunday Natural,adaptogens,amazon-de,34.0,500,60,Bio-Wildsammlung
Terranova Schisandra Complex,Terranova,adaptogens,amazon-de,42.5,500,50,Magnifood Vollspektrum
Gaia Herbs Schisandra Supreme,Gaia Herbs,adaptogens,amazon-de,36.0,500,60,"Vegan, CO2 Extrakt"
Vit4ever Schisandra 1000 mg,Vit4ever,adaptogens,amazon-de,28.0,1000,90,Labor geprüft
Dragon Herbs Schizandra Drops,Dragon Herbs,adaptogens,amazon-de,39.0,500,30,Dual Extrakt Tinktur
Toniiq Cistanche 600 mg,Toniiq,adaptogens,amazon-de,44.0,600,60,"10:1 Extract, >10% Echinacosid"
Double Wood Cistanche Tubulosa,Double Wood,adaptogens,amazon-de,45.0,500,120,"20% Echinacosid, COA"
Nootropics Depot Cistanche Extract,Nootropics Depot,adaptogens,amazon-de,58.0,600,60,HPLC Verified
Pure Encapsulations Cistanche Vein,Pure Encapsulations,adaptogens,amazon-de,64.0,300,60,"Clinisch dosiert, hypoallergen"
Nutri & Co Vitality (Cistanche + Ginseng),Nutri & Co,adaptogens,amazon-de,49.0,500,60,"10% Echinacosid, ISO"
Nootropics Depot Tongkat Ali 2% Eurycomanone,Nootropics Depot,adaptogens,amazon-de,74.0,400,60,"COA, Wurzelextrakt"
Double Wood Tongkat Ali 2%,Double Wood,adaptogens,amazon-de,59.0,400,120,"Full Spectrum, COA"
Supplements4U Tongkat Ali 200:1,Supplements4U,adaptogens,amazon-de,52.0,600,60,"Malaysischer Ursprung, lab tested"
NutraMarine Tongkat Ali + Fadogia,NutraMarine,adaptogens,amazon-de,64.0,400,60,2% Eurycomanon + Fadogia agrestis
MoleQlar Tongkat Ali Extract 400 mg,MoleQlar,adaptogens,amazon-de,62.0,400,60,Standardisiert auf 2% Eurycomanon
Organic India Gotu Kola,Organic India,adaptogens,amazon-de,23.0,350,90,"Bio, Non-GMO"
Himalaya Gotu Kola,Himalaya,adaptogens,amazon-de,21.0,350,60,"cGMP, vegan"
Sunday Natural Gotu Kola Bio,Sunday Natural,adaptogens,amazon-de,32.0,400,60,"Bio-Kulturen, laborgeprüft"
Vit4ever Gotu Kola 500 mg,Vit4ever,adaptogens,amazon-de,24.0,500,90,Labor geprüfte Qualität
Braineffect Adaptogen Hero,Braineffect,adaptogens,amazon-de,54.0,1200,30,"Blend aus Rhodiola, Ashwagandha, Cordyceps"
Onnit Shroom Tech Sport,Onnit,adaptogens,amazon-de,58.0,1400,28,"Cordyceps + Adaptogen Stack, NSF Sport"
Terranova Adaptogen Complex,Terranova,adaptogens,amazon-de,46.0,800,50,"Ashwagandha, Reishi, Cordyceps, Magnifood"
Life Extension Berberine 500 mg,Life Extension,metabolic,amazon-de,37.0,500,60,"Berberine HCl, third-party getestet"
Doctor's Best Berberine 500 mg,Doctors Best,metabolic,amazon-de,36.0,500,60,BerberPure Markenrohstoff
NOW Foods Berberine Glucose Support,NOW Foods,metabolic,amazon-de,39.9,400,90,"Mit Cinnulin PF, GMP"
Sunergetic Berberine 600 mg,Sunergetic,metabolic,amazon-de,42.0,600,60,"Berberine HCl + Ceylon-Zimt, vegan"
NutraBio Berberine Advanced,NutraBio,metabolic,amazon-de,45.0,500,90,"HPLC getestet, vegan"
MyProtein Creatine Monohydrate Creapure,MyProtein,metabolic,amazon-de,24.0,5000,100,"Creapure aus Deutschland, Labor geprüft"
ESN Ultrapure Creatine Monohydrate,ESN,metabolic,amazon-de,28.0,5000,100,"Creapure zertifiziert, Made in Germany"
Kaged Creatine HCl,Kaged,metabolic,amazon-de,34.0,750,75,"Patented Creatine HCl, Informed Sport"
Thorne Creatine,Thorne,metabolic,amazon-de,39.0,5000,60,"Creapure, NSF Sport"
Transparent Labs Creatine HMB,Transparent Labs,metabolic,amazon-de,54.0,5000,30,"Creapure + HMB, third-party getestet"
Bulk Powders Trehalose Powder,Bulk Powders,metabolic,amazon-de,19.0,5000,100,"Maisfrei, laborgeprüft"
MyVegan Trehalose,MyVegan,metabolic,amazon-de,21.0,5000,100,"Vegan, allergenfrei"
Fairvital Trehalose 100%,Fairvital,metabolic,amazon-de,28.0,5000,120,Pharmaqualität Pulver
Koro Trehalose Bio,Koro,metabolic,amazon-de,24.0,5000,120,"Bio zertifiziert, DE-ÖKO"
Vit4ever Trehalose Pulver,Vit4ever,metabolic,amazon-de,25.0,5000,120,"Labor geprüft, vegan"
Pendulum Akkermansia,Pendulum,metabolic,shop-apotheke,94.0,10,30,"Akkermansia muciniphila, DNA-verifiziert"
Omni-Biotic HETOX,Omni-Biotic,metabolic,shop-apotheke,58.0,3,30,"Synbiotisches Pulver, Pharma Qualität"
BIOMES Akkermansia Boost,BIOMES,metabolic,amazon-de,69.0,5,30,"Mit Akkermansia & Inulin, deutsches Labor"
Invivo Bio.Me Akkermansia,Invivo,metabolic,amazon-de,72.0,10,30,"Multi-strain, GMP"
Floratrex Akkermansia +,Global Healing,metabolic,iherb,65.0,25,60,"50 Mrd KBE, vegan"
Nature's Plus GI Natural Glycine,Nature's Plus,metabolic,iherb,26.0,3000,60,"Glutenfrei, vegan"
Bulk Powders Glycine Pulver,Bulk Powders,metabolic,amazon-de,18.0,5000,100,Labor getestet
VitaMoment Glycin Pulver,VitaMoment,metabolic,amazon-de,24.0,5000,120,"Made in Germany, laborgeprüft"
Sunday Natural Glycin Premium,Sunday Natural,metabolic,amazon-de,32.0,4000,100,"Pharmaqualität, rein"
Edubily Glycin Plus,Edubily,metabolic,amazon-de,34.0,4500,90,"Mit Magnesiumglycinat, hausintern geprüft"
Thorne Taurine 1000 mg,Thorne,metabolic,amazon-de,32.0,1000,90,NSF Sport
NOW Foods Taurine Double Strength,NOW Foods,metabolic,amazon-de,24.0,1000,100,"Vegetarisch, GMP"
ESN Taurin Caps,ESN,metabolic,amazon-de,22.0,1500,90,"German Made, dopingfrei"
Vit4ever Taurin 1500 mg,Vit4ever,metabolic,amazon-de,21.0,1500,120,Labor geprüft
Natural Elements Taurin,Natural Elements,metabolic,amazon-de,27.0,1000,120,"Vegan, chargengeprüft"
Life Extension L-Carnitine Caps 500 mg,Life Extension,metabolic,amazon-de,33.0,500,60,Carnipure Rohstoff
NOW Foods L-Carnitine 500 mg,NOW Foods,metabolic,amazon-de,28.0,500,100,Carnipure Tartrat
NutraBio L-Carnitine Powder,NutraBio,metabolic,amazon-de,37.0,1000,60,"Carnipure, Informed Choice"
Doppelherz L-Carnitin 500 mg,Doppelherz,metabolic,shop-apotheke,24.0,500,60,Apothekenqualität
ESN L-Carnitine Liquid 3000 mg,ESN,metabolic,amazon-de,28.0,3000,33,"Mit Vitamin B6, zuckerfrei"
Thorne Acetyl-L-Carnitine,Thorne,metabolic,amazon-de,48.0,500,60,NSF Sport
Doctor's Best Acetyl-L-Carnitine,Doctors Best,metabolic,amazon-de,39.0,588,120,"Clinically proven, Non-GMO"
NOW Foods Acetyl-L-Carnitine 750 mg,NOW Foods,metabolic,amazon-de,44.0,750,90,"Kosher, GMP"
Nootropics Depot Acetyl L-Carnitine HCl,Nootropics Depot,metabolic,amazon-de,46.0,500,120,"COA, vegane Kapseln"
Vit4ever Acetyl-L-Carnitin,Vit4ever,metabolic,amazon-de,29.0,650,120,Labor geprüft
Double Wood Alpha GPC 300 mg,Double Wood,metabolic,amazon-de,44.0,300,60,"50% Alpha-GPC, COA"
Jarrow Formulas Alpha GPC 300 mg,Jarrow Formulas,metabolic,amazon-de,48.0,300,60,"Stabilisiert, vegane Kapseln"
Nootropics Depot Alpha GPC 600 mg,Nootropics Depot,metabolic,amazon-de,72.0,600,60,">99% Reinheit, COA"
Kaged Alpha GPC,Kaged,metabolic,amazon-de,56.0,600,60,Informed Sport
Braineffect Focus Alpha GPC,Braineffect,metabolic,amazon-de,52.0,300,60,"Alpha-GPC + B-Vitamine, Made in Germany"
Garden of Life Dr. Formulated Probiotics 50B,Garden of Life,metabolic,iherb,44.0,50,30,"Shelf stable, 16 Stämme"
Hyperbiotics PRO-15 Advanced,Hyperbiotics,metabolic,amazon-de,32.0,15,60,"Time-release Pearls, Non-GMO"
Vivomixx Probiotik 450 Mrd,Vivomixx,metabolic,shop-apotheke,39.0,112,10,"Apothekenqualität, 8 Stämme"
Omni-Biotic Stress Repair,Omni-Biotic,metabolic,shop-apotheke,36.0,6,28,"15 probiotische Stämme, ISO 9001"
SymbioLact Comp,SymbioPharm,metabolic,shop-apotheke,28.0,2,30,"Apothekenqualität, Lactobacillus + Bifido"
NORSAN Omega-3 Vegan,NORSAN,other,amazon-de,39.0,2000,30,"Algenöl, IFOS 5-Star, Friend of the Sea"
Bare Biology Lion Heart Omega-3,Bare Biology,other,amazon-de,49.0,3500,30,"IFOS zertifiziert, MSC"
Wiley's Finest Peak EPA,Wiley's Finest,other,amazon-de,42.0,2150,30,"MSC zertifiziert, IFOS"
Nordic Naturals Ultimate Omega,Nordic Naturals,other,amazon-de,44.0,2000,60,"Friend of the Sea, Non-GMO"
Thorne Magnesium Bisglycinate,Thorne,other,amazon-de,46.0,200,60,"Albion Chelat, NSF Sport"
Natural Elements Magnesium Komplex,Natural Elements,other,amazon-de,26.0,400,120,"Bisglycinat + Malat, laborgeprüft"
Sunday Natural Magnesium L-Threonat,Sunday Natural,other,amazon-de,54.0,1500,90,"Magtein Markenrohstoff, laborgeprüft"
Sunday Natural D3+K2 Öl,Sunday Natural,other,amazon-de,29.0,0.025,600,"MCT-Öl, Lichen D3 + all-trans MK7"
Natural Elements Vitamin D3+K2 Tropfen,Natural Elements,other,amazon-de,24.0,0.025,365,"Labor geprüft, Öl aus Deutschland"
Vivo Life Vitamin D3+K2,Vivo Life,other,amazon-de,29.0,0.025,150,"Vegan, Informed Sport"
Thorne Zinc Picolinate 30 mg,Thorne,other,amazon-de,28.0,30,60,"NSF Sport, hohe Bioverfügbarkeit"
Sunday Natural Zink-Gluconat,Sunday Natural,other,amazon-de,24.0,25,120,"Mit Kupfer & B6, Bio"
Thorne Selenomethionine 200 mcg,Thorne,other,amazon-de,26.0,0.2,60,NSF Sport
Sunday Natural Selen + Vitamin E,Sunday Natural,other,amazon-de,29.0,0.2,120,"Bio-Öle, kombinierte Antioxidantien"
Thorne Basic B Complex,Thorne,other,amazon-de,37.0,50,60,"Aktive B-Vitamine, NSF"
Pure Encapsulations B-Komplex Plus,Pure Encapsulations,other,amazon-de,42.0,50,60,"Aktive Formen, hypoallergen"
Life Extension BioActive Complete B-Complex,Life Extension,other,amazon-de,34.0,75,60,Quatrefolic + Benfotiamin
Vital Proteins Collagen Peptides,Vital Proteins,other,amazon-de,44.0,20000,28,"Grass-fed, NSF Certified"
Ancient Nutrition Multi Collagen Protein,Ancient Nutrition,other,amazon-de,45.0,20000,45,"Fünf Kollagenquellen, third-party getestet"
Edubily Kollagen Komplex,Edubily,other,amazon-de,38.0,12000,30,VerisoI + Vitamin C & Kupfer
Great Lakes Collagen Hydrolysate,Great Lakes,other,amazon-de,39.0,12000,38,"Glyphosat getestet, Grass-fed"
Primal State Collagen Kaffee Creamer,Primal State,other,amazon-de,32.0,10000,30,"Weidehaltung + MCT, keto"
Thorne Meriva-SF Curcumin,Thorne,other,amazon-de,56.0,500,60,"Meriva Phytosome, NSF"
Nutri & Co Curcuma BIOAktiv,Nutri & Co,other,amazon-de,36.0,520,60,"NovaSOL Curcumin, EFSA konform"
Sunday Natural Kurkuma Komplex,Sunday Natural,other,amazon-de,33.0,600,60,Bio Curcuma + Piperin
Sunday Natural Trans-Resveratrol,Sunday Natural,other,amazon-de,54.0,300,60,"98% Reinheit, laborgeprüft"
MoleQlar Resveratrol Ultra,MoleQlar,other,amazon-de,59.0,500,60,Trans-Resveratrol + Piperin
Vit4ever Resveratrol 500 mg,Vit4ever,other,amazon-de,36.0,500,90,"Labor geprüft, vegan"
Double Wood Pterostilbene 100 mg,Double Wood,other,amazon-de,38.0,100,60,"cGMP, third-party getestet"
Nootropics Depot Pterostilbene 50 mg,Nootropics Depot,other,amazon-de,42.0,50,120,COA verfügbar
MoleQlar Spermidine EVO,MoleQlar,other,amazon-de,78.0,3,60,"Weizenkeimextrakt, TÜV geprüft"
SpermidineLIFE Original 365+,Longevity Labs,other,shop-apotheke,89.0,1,30,"Klinisch geprüft, GMP"
Timeline Mitopure Softgels,Timeline,other,shop-apotheke,94.0,500,30,"Patentiertes Mitopure, klinisch getestet"
MoleQlar Urolithin A Pure,MoleQlar,other,amazon-de,78.0,500,30,"Mitopure Lizenz, TÜV"
Nootropics Depot GlyNAC Capsules,Nootropics Depot,other,amazon-de,66.0,1200,60,"1:1 Glycin + NAC, lab getestet"
Life Extension GlyNAC,Life Extension,other,amazon-de,68.0,1500,60,"Clinically dosed, Non-GMO"
Thorne Melaton-3,Thorne,other,amazon-de,18.0,3,60,NSF Sport
Natrol Melatonin 5 mg Fast Dissolve,Natrol,other,amazon-de,16.0,5,100,"USP Verified, Schnellauflösend"
Thorne Theanine 200 mg,Thorne,other,amazon-de,32.0,200,60,NSF Sport
Doctor's Best L-Theanine with Suntheanine,Doctors Best,other,amazon-de,29.0,150,90,Suntheanine Markenrohstoff
Thorne 5-HTP 100 mg,Thorne,other,amazon-de,38.0,100,60,"Griffonia simplicifolia, NSF"
Natural Elements 5-HTP,Natural Elements,other,amazon-de,27.0,200,120,"Labor geprüft, vegan"
Sunday Natural Hyaluron 600 mg,Sunday Natural,other,amazon-de,44.0,600,90,Fermentierte Hyaluronsäure + Vitamin C
Doppelherz system Hyaluron 100 mg,Doppelherz,other,shop-apotheke,29.0,100,30,"Apothekenqualität, mit Vit C"
Avmacol Sulforaphane Production System,Nutramax,other,amazon-de,42.0,34,90,"Glucoraphanin + Myrosinase, GMP"
Sunday Natural Brokkoli-Sprossen Kapseln,Sunday Natural,other,amazon-de,36.0,50,60,"Aktives Myrosinase-Enzym, Bio"
Life Extension Decaffeinated Mega Green Tea Extract,Life Extension,other,amazon-de,32.0,326,100,"98% Polyphenole, entkoffeiniert"
Sunday Natural Matcha EGCG Kapseln,Sunday Natural,other,amazon-de,35.0,300,60,"Bio Matcha, laborgeprüft"
Life Extension PQQ Caps with BioPQQ,Life Extension,other,amazon-de,39.0,20,30,"BioPQQ, cGMP"
Nootropics Depot PQQ 20 mg,Nootropics Depot,other,amazon-de,49.0,20,90,"BioPQQ, COA"
