id,pmid,year,study_type,evidence_quality,n,coi,effect_size,title,authors,url,ingredients,research_reviews
pmid-41693488,41693488,2026,,,,,"","Effect of saffron on depression, anxiety and mood disorder: a GRADE assessed systematic review and meta-analysis of 34 randomized controlled trials.","Mahmoudi R et al.",https://pubmed.ncbi.nlm.nih.gov/41693488/,safran,2026-07-04
pmid-41804854,41804854,2026,,,,,"","Alpha-lipoic acid as a preventive measure in radiation-induced oral mucositis in head and neck cancer patients: A randomized controlled study.","Rizkalla BA et al.",https://pubmed.ncbi.nlm.nih.gov/41804854/,alpha-liponsaeure,2026-07-04
pmid-42056717,42056717,2026,,,,,"","Efficacy and Safety of Pregabalin and Alpha-Lipoic Acid Combination in Patients With Painful Diabetic Peripheral Neuropathy: A Randomized, Open-Label, Non-Inferiority, Phase IV Clinical Trial and Subgroup Analysis (OPTIMUM Study).","Oh TJ et al.",https://pubmed.ncbi.nlm.nih.gov/42056717/,alpha-liponsaeure,2026-07-04
pmid-42268476,42268476,2026,Umbrella Review,high,,unclear,"No significant effect on HbA1c, FBG, HOMA-IR, lipids — except modest LDL-C reduction","The effects of resveratrol on glycemic indices and lipid profile in patients with type 2 diabetes: an umbrella review and meta-analysis","Ghalichi F et al.",https://pubmed.ncbi.nlm.nih.gov/42268476/,resveratrol,2026-06-13; 2026-07-11
pmid-42277453,42277453,2026,,,,,"","Comparative Efficacy of Nutraceuticals on Endothelial Function: A Systematic Review and Network Meta-Analysis","Norouzzadeh M et al.",https://pubmed.ncbi.nlm.nih.gov/42277453/,,2026-06-13; 2026-07-11
pmid-42435069,42435069,2026,RCT,moderate,,unclear,"","Quercetin prophylaxis in prevention of acute mountain sickness (AMS): a randomized, double blind, placebo controlled phase-II clinical trial","Sagi SK et al.",https://pubmed.ncbi.nlm.nih.gov/42435069/,,2026-07-18
pmid-42144851,42144851,2025,,,,,"","Meta Analysis of DHA and EPA Supplementation on Cardiovascular Outcomes and Atrial Fibrillation Risk","Alqaysi M et al.",https://pubmed.ncbi.nlm.nih.gov/42144851/,omega-3,2026-06-06; 2026-07-11
pmid-42247029,42247029,2025,,,,,"","Curcumin versus placebo in benign prostatic hyperplasia: a systematic review and meta-analysis","Li Z et al.",https://pubmed.ncbi.nlm.nih.gov/42247029/,,2026-06-06; 2026-06-13; 2026-07-11
pmid-41641401,41641401,2024,,,,,"","Impact of oral magnesium supplementation on glycemic and cardiometabolic outcomes in prediabetic adults: a systematic review and meta-analysis","Akbari M et al.",https://pubmed.ncbi.nlm.nih.gov/41641401/,,2026-06-06; 2026-07-11
pmid-42135539,42135539,2026,,,,,"","Human whole-blood NAD+ levels do not vary with age or lifestyle interventions","Schmauck-Medina T et al.",https://pubmed.ncbi.nlm.nih.gov/42135539/,nmn; nr,
pmid-42143976,42143976,2026,,,,,"","NMN mitigates high-altitude hypoxia-induced cognitive impairment by inhibiting microglial ferroptosis","Xu Y et al.",https://pubmed.ncbi.nlm.nih.gov/42143976/,nmn,
pmid-42162613,42162613,2026,,,,,"","Short-term Citrulline Malate Supplementation Enhances Lower-Limb Function in Physically Active Older Adults","Ramos-Hernández RI et al.",https://pubmed.ncbi.nlm.nih.gov/42162613/,l-citrullin,
study-urolithin-a-clinicaltrials-2026,,2026,,,,,"","Effects of Urolithin A Supplementation on Glucose Metabolism in Healthy Adults 55+ Years Old","ClinicalTrials.gov",https://clinicaltrials.gov/study/NCT06274749,,
pmid-40732054,40732054,2025,,,,,"","Gut Microbiome Modulation and Health Benefits of a Novel Fucoidan Extract from Saccharina latissima: A Double-Blind, Placebo-Controlled Trial","Various",https://pubmed.ncbi.nlm.nih.gov/40732054/,fucoidan,
pmid-40911749,40911749,2025,,,,,"","Oral Hyaluronic Acid Supplement: Efficacy in Skin Hydration, Elasticity, and Wrinkle Depth Reduction","Amin P et al.",https://pubmed.ncbi.nlm.nih.gov/40911749/,hyaluronsaeure,
pmid-41249370,41249370,2025,,,,,"","Investigating fucoidan blend supplementation and resistance training in humans: a parallel randomized controlled trial design","Various",https://pubmed.ncbi.nlm.nih.gov/41249370/,fucoidan,
pmid-41422283,41422283,2025,,,,,"","Oral sodium hyaluronate improves skin hydration, barrier function and signs of aging","Dolečková I et al.",https://pubmed.ncbi.nlm.nih.gov/41422283/,hyaluronsaeure,
pmid-36345309,36345309,2023,,,,,"","Reduction of anxiety and depressive symptoms with Hericium erinaceus intake: a randomized, double-blind placebo-controlled study","Nagano M et al.",https://pubmed.ncbi.nlm.nih.gov/36345309/,lion-s-mane,
pmid-36789432,36789432,2023,,,,,"","PEARL Trial: Rapamycin for aging — a randomized controlled trial in humans","Kraig E et al.",https://pubmed.ncbi.nlm.nih.gov/36789432/,rapamycin,
pmid-36856787,36856787,2023,,,,,"","Association of plasma ergothioneine with healthy aging","Cheah IK et al.",https://pubmed.ncbi.nlm.nih.gov/36856787/,ergothionein,
pmid-37289866,37289866,2023,,,,,"","Taurine deficiency as a driver of aging","Singh P et al.",https://pubmed.ncbi.nlm.nih.gov/37289866/,taurin,
pmid-37612506,37612506,2023,,,,,"","COSMOS: COcoa Supplement and Multivitamin Outcomes Study","Yeung LK et al.",https://pubmed.ncbi.nlm.nih.gov/37612506/,multivitamin,
study-tornatore-2023-osteomikrobiologie,,2023,,,,,"","Osteomikrobiologie - aktuelle Literaturübersicht","Tornatore S",https://doi.org/10.1024/1661-8157/a004082,,
pmid-34741443,34741443,2022,,,,,"","GlyNAC (Glycine and N-Acetylcysteine) Supplementation Improves Impaired Mitochondrial Fuel Oxidation","Kumar P et al.",https://pubmed.ncbi.nlm.nih.gov/34741443/,glynac,
pmid-35042259,35042259,2022,,,,,"","Folic acid supplementation and risk of cardiovascular diseases: meta-analysis","Zhao JV et al.",https://pubmed.ncbi.nlm.nih.gov/35042259/,folsaeure,
pmid-35129835,35129835,2022,,,,,"","Vitamin A supplementation for preventing morbidity and mortality in children from six months to five years of age","Imdad A et al.",https://pubmed.ncbi.nlm.nih.gov/35129835/,vitamin-a,
pmid-35150542,35150542,2022,,,,,"","Multivitamin-Multimineral Supplementation and Mortality: Meta-Analysis","Park SY et al.",https://pubmed.ncbi.nlm.nih.gov/35150542/,multivitamin,
pmid-35468083,35468083,2022,,,,,"","Urolithin A improves muscle strength, exercise performance, and biomarkers of mitochondrial health in older adults","Liu S et al.",https://pubmed.ncbi.nlm.nih.gov/35468083/,urolithin-a,
pmid-35504071,35504071,2022,,,,,"","GlyNAC Supplementation in Mice Increases Length of Life","Kumar P et al.",https://pubmed.ncbi.nlm.nih.gov/35504071/,glynac,
pmid-35975308,35975308,2022,,,,,"","GlyNAC Supplementation Improves Aging Hallmarks in Older Humans","Sekhar RV",https://pubmed.ncbi.nlm.nih.gov/35975308/,glycin; nac,
study-chrom-ods-nih-2022,,2022,,,,,"","Chromium","Office of Dietary Supplements, NIH",https://ods.od.nih.gov/factsheets/Chromium-HealthProfessional/,,
study-kalium-ods-nih-2022,,2022,,,,,"","Potassium","Office of Dietary Supplements, NIH",https://ods.od.nih.gov/factsheets/Potassium-HealthProfessional/,,
study-kupfer-ods-nih-2022,,2022,,,,,"","Copper","Office of Dietary Supplements, NIH",https://ods.od.nih.gov/factsheets/Copper-HealthProfessional/,,
study-mangan-ods-nih-2022,,2022,,,,,"","Manganese","Office of Dietary Supplements, NIH",https://ods.od.nih.gov/factsheets/Manganese-HealthProfessional/,,
study-molybdaen-ods-nih-2022,,2022,,,,,"","Molybdenum","Office of Dietary Supplements, NIH",https://ods.od.nih.gov/factsheets/Molybdenum-HealthProfessional/,,
study-phosphor-ods-nih-2022,,2022,,,,,"","Phosphorus","Office of Dietary Supplements, NIH",https://ods.od.nih.gov/factsheets/Phosphorus-HealthProfessional/,,
study-vitamin-b5-ods-nih-2022,,2022,,,,,"","Pantothenic acid","National Institutes of Health Office of Dietary Supplements",https://ods.od.nih.gov/factsheets/PantothenicAcid-HealthProfessional/,,
study-vitamin-b6-ods-nih-2022,,2022,,,,,"","Vitamin B6","Office of Dietary Supplements, NIH",https://ods.od.nih.gov/factsheets/VitaminB6-HealthProfessional/,,
study-vitamin-b7-ods-nih-2022,,2022,,,,,"","Biotin","Office of Dietary Supplements, NIH",https://ods.od.nih.gov/factsheets/Biotin-HealthProfessional/,,
pmid-31174214,31174214,2021,,,,,"","Serum ferritin as an indicator of iron stores: reliability and limitations","Pasricha SR et al.",https://pubmed.ncbi.nlm.nih.gov/31174214/,eisen,
pmid-32428599,32428599,2021,,,,,"","Dietary spermidine improves cognitive function in older adults (SmartAge RCT)","Wirth M et al.",https://pubmed.ncbi.nlm.nih.gov/32428599/,spermidine,
pmid-33387437,33387437,2021,,,,,"","Effect of Omega-3 Dosage on Cardiovascular Outcomes: An Updated Meta-Analysis","Bernasconi AA et al.",https://pubmed.ncbi.nlm.nih.gov/33387437/,omega-3,
pmid-33512051,33512051,2021,,,,,"","Supplementing Glycine and N-Acetylcysteine (GlyNAC) in Older Adults Improves Glutathione Deficiency","Kumar P et al.",https://pubmed.ncbi.nlm.nih.gov/33512051/,glynac,
pmid-33587619,33587619,2021,,,,,"","GlyNAC supplementation in older adults improves glutathione deficiency, oxidative stress, mitochondrial dysfunction and aging hallmarks","Kumar P et al.",https://pubmed.ncbi.nlm.nih.gov/33587619/,glycin; nac,
pmid-34145276,34145276,2021,,,,,"","Phytochemistry and pharmacology of Cistanche","Li Z et al.",https://pubmed.ncbi.nlm.nih.gov/34145276/,cistanche,
pmid-34419735,34419735,2021,,,,,"","Saffron (Crocus sativus L.) and health outcomes: a meta-research review of meta-analyses and an evidence mapping study","Lopresti AL et al.",https://pubmed.ncbi.nlm.nih.gov/34419735/,safran,
pmid-34469291,34469291,2021,,,,,"","Vitamin B-6-induced neuropathy: exploring the mechanisms of pyridoxine toxicity","Vrolijk MF et al.",https://pubmed.ncbi.nlm.nih.gov/34469291/,vitamin-b6,
pmid-34929611,34929611,2021,,,,,"","Dietary spermidine intake and all-cause mortality: the Bruneck study","Kiechl S et al.",https://pubmed.ncbi.nlm.nih.gov/34929611/,spermidine,
pmid-34933842,34933842,2021,,,,,"","Oral intake of a new full-spectrum hyaluronan improves skin profilometry and ageing","Michelotti A et al.",https://pubmed.ncbi.nlm.nih.gov/34933842/,hyaluronsaeure,
pmid-30955569,30955569,2020,,,,,"","Spermidine induces autophagy and extends lifespan via eIF5A hypusination","Liang Y et al.",https://pubmed.ncbi.nlm.nih.gov/30955569/,spermidine,
pmid-31685720,31685720,2020,,,,,"","Effect of oral administration of nicotinamide mononucleotide on clinical parameters and nicotinamide metabolite levels in healthy Japanese men","Irie J et al.",https://pubmed.ncbi.nlm.nih.gov/31685720/,nmn,
pmid-31978754,31978754,2020,,,,,"","Trehalose improves cardiometabolic function in humans","Bhatt MV et al.",https://pubmed.ncbi.nlm.nih.gov/31978754/,trehalose,
pmid-31980092,31980092,2020,,,,,"","Effect of High-Dose Omega-3 Fatty Acids vs Corn Oil on Major Adverse Cardiovascular Events in Patients at High Cardiovascular Risk (STRENGTH)","Nicholls SJ et al.",https://pubmed.ncbi.nlm.nih.gov/31980092/,omega-3,
pmid-32045577,32045577,2020,,,,,"","Caffeine supplementation and physical performance, a meta-analysis","Grgic J et al.",https://pubmed.ncbi.nlm.nih.gov/32045577/,koffein,
pmid-32131541,32131541,2020,,,,,"","Neuroprotective effects of fisetin in aging and neurodegenerative diseases","Maher P",https://pubmed.ncbi.nlm.nih.gov/32131541/,fisetin,
pmid-32221179,32221179,2020,,,,,"","Safety and Efficacy of Saffron (Crocus sativus L.) for Treating Mild to Moderate Depression: A Systematic Review and Meta-analysis","Tóth B et al.",https://pubmed.ncbi.nlm.nih.gov/32221179/,safran-preis-gesundheit; safran,
pmid-32233013,32233013,2020,,,,,"","The Senolytic Drug Quercetin Removes Senescent Cells and Improves Physical Function","Kirkland JL & Tchkonia T",https://pubmed.ncbi.nlm.nih.gov/32233013/,quercetin,
pmid-32242179,32242179,2020,,,,,"","Rejuvenating effects of the alpha-ketoglutarate metabolite","Asadi Shahmirzadi A et al.",https://pubmed.ncbi.nlm.nih.gov/32242179/,akg,
pmid-32245095,32245095,2020,,,,,"","Hesperidin as a bioactive flavonoid","Li Y et al.",https://pubmed.ncbi.nlm.nih.gov/32245095/,hesperidin,
pmid-32283153,32283153,2020,,,,,"","Nicotinamide Mononucleotide (NMN) supplementation promotes Alterungsforschung miRNA expression profile in the aorta of aged mice","Bertoldo MJ et al.",https://pubmed.ncbi.nlm.nih.gov/32283153/,nmn,
pmid-32436266,32436266,2020,,,,,"","Effect of Collagen Supplementation on Skin Aging: A Systematic Review","Barati M et al.",https://pubmed.ncbi.nlm.nih.gov/32436236/,kollagen,
pmid-32450842,32450842,2020,,,,,"","Effects of glutamine supplementation on athletic performance, body composition, and immune function: A systematic review and meta-analysis of clinical trials","Antonio J, Street C",https://pubmed.ncbi.nlm.nih.gov/32450842/,,
pmid-32759743,32759743,2020,,,,,"","L-carnitine supplementation in recovery and aging","Sawicka AK et al.",https://pubmed.ncbi.nlm.nih.gov/32759743/,l-carnitin,
pmid-33260549,33260549,2020,,,,,"","Magnesium Status and Stress: The Vicious Circle Concept Revisited","Pickering G et al.",https://pubmed.ncbi.nlm.nih.gov/33260549/,magnesium,
pmid-30036891,30036891,2019,,,,,"","The Efficacy of Saffron in the Treatment of Mild to Moderate Depression: A Meta-analysis","Marx W et al.",https://pubmed.ncbi.nlm.nih.gov/30036891/,safran-preis-gesundheit,
pmid-30093983,30093983,2019,,,,,"","Hericium erinaceus and cognitive function in mild cognitive impairment: a double-blind placebo-controlled clinical trial","Mori K et al.",https://pubmed.ncbi.nlm.nih.gov/30093983/,lion-s-mane,
pmid-30415628,30415628,2019,,,,,"","Cardiovascular Risk Reduction with Icosapentaenoic Acid for Hypertriglyceridemia (REDUCE-IT)","Bhatt DL et al.",https://pubmed.ncbi.nlm.nih.gov/30415628/,omega-3,
pmid-30415629,30415629,2019,,,,,"","Vitamin D Supplements and Prevention of Cancer and Cardiovascular Disease (VITAL)","Manson JE et al.",https://pubmed.ncbi.nlm.nih.gov/30415629/,vitamin-d3,
pmid-30611908,30611908,2019,,,,,"","Vitamin D and skeletal health","Bouillon R et al.",https://pubmed.ncbi.nlm.nih.gov/30611908/,vitamin-d3,
pmid-30616726,30616726,2019,,,,,"","Senolytics in idiopathic pulmonary fibrosis: Results from a first-in-human, open-label, pilot study","Justice JN et al.",https://pubmed.ncbi.nlm.nih.gov/30616726/,fisetin,
pmid-30727981,30727981,2019,,,,,"","β-Glucans and immune function","Vetvicka V et al.",https://pubmed.ncbi.nlm.nih.gov/30727981/,beta-glucan,
pmid-30741566,30741566,2019,,,,,"","Chromium picolinate supplementation and glucose metabolism","Vincent JB",https://pubmed.ncbi.nlm.nih.gov/30741566/,chrom,
pmid-30885434,30885434,2019,,,,,"","Review of the toxicological properties of poligeenan and carrageenan","McKim JM et al.",https://pubmed.ncbi.nlm.nih.gov/30885434/,,
pmid-30945251,30945251,2019,,,,,"","Dietary intake and adequacy of vitamin K","Schurgers LJ et al.",https://pubmed.ncbi.nlm.nih.gov/30945251/,vitamin-k1,
pmid-31137620,31137620,2019,,,,,"","R-alpha-lipoic acid action on cell proliferation and mitochondrial membrane potential","Salehi B et al.",https://pubmed.ncbi.nlm.nih.gov/31137620/,alpha-liponsaeure,
pmid-31263284,31263284,2019,,,,,"","Supplementation with Akkermansia muciniphila in overweight and obese human volunteers","Depommier C et al.",https://pubmed.ncbi.nlm.nih.gov/31263284/,akkermansia,
pmid-31346894,31346894,2019,,,,,"","Rapamycin and risk of cardiovascular disease: a systematic review and meta-analysis of randomized controlled trials","Sehgal SN et al.",https://pubmed.ncbi.nlm.nih.gov/31346894/,rapamycin,
pmid-31527518,31527518,2019,,,,,"","Mineral and trace element content in sea moss supplements","Cherry P et al.",https://pubmed.ncbi.nlm.nih.gov/31527518/,,
pmid-31537771,31537771,2019,,,,,"","Marine n-3 Fatty Acids and Prevention of Cardiovascular Disease and Cancer (VITAL)","Manson JE et al.",https://pubmed.ncbi.nlm.nih.gov/31537771/,omega-3; vitamin-d3-k2,
pmid-31578601,31578601,2019,,,,,"","Quercetin and Dasatinib in Idiopathic Pulmonary Fibrosis","Justice JN et al.",https://pubmed.ncbi.nlm.nih.gov/31578601/,quercetin,
pmid-31728244,31728244,2019,,,,,"","Efficacy and Safety of Ashwagandha Root Extract in Insomnia and Anxiety","Langade D et al.",https://pubmed.ncbi.nlm.nih.gov/31728244/,ashwagandha,
pmid-32234639,32234639,2019,,,,,"","Vitamin D Supplementation and Prevention of Type 2 Diabetes (D-HEALTH)","Scragg R et al.",https://pubmed.ncbi.nlm.nih.gov/32234639/,vitamin-d3-k2,
pmid-32686767,32686767,2019,,,,,"","mTOR as a central regulator of lifespan and aging","Papadopoli D et al.",https://pubmed.ncbi.nlm.nih.gov/32686767/,rapamycin,
pmid-32694659,32694659,2019,,,,,"","Mitophagy is required for mitochondrial biogenesis and myofiber growth in response to exercise","Andreux PA et al.",https://pubmed.ncbi.nlm.nih.gov/32694659/,urolithin-a,
pmid-27880062,27880062,2018,,,,,"","Iron status and iron bioavailability in vegetarians: a critical review","Haider LM et al.",https://pubmed.ncbi.nlm.nih.gov/27880062/,eisen,
pmid-29058795,29058795,2018,,,,,"","Vitamin A and immune function","Huang Z et al.",https://pubmed.ncbi.nlm.nih.gov/29058795/,vitamin-a,
pmid-29062122,29062122,2018,,,,,"","Oral supplementation with liposomal glutathione elevates body stores of glutathione","Sinha R et al.",https://pubmed.ncbi.nlm.nih.gov/29062122/,glutathion,
pmid-29279823,29279823,2018,,,,,"","Calcium supplements and cardiovascular events: a meta-analysis","Myung SK et al.",https://pubmed.ncbi.nlm.nih.gov/29279823/,calcium,
pmid-29514974,29514974,2018,,,,,"","Chronic Nicotinamide Riboside Supplementation Is Well-Tolerated in Healthy Middle-Aged and Older Adults (CONIFER)","Martens CR et al.",https://pubmed.ncbi.nlm.nih.gov/29514974/,nr,
pmid-29562618,29562618,2018,,,,,"","Milk thistle in liver disease","Abenavoli L et al.",https://pubmed.ncbi.nlm.nih.gov/29562618/,silymarin,
pmid-29676709,29676709,2018,,,,,"","New perspectives on the role of melatonin in human sleep, circadian rhythms and their regulation","Zisapel N",https://pubmed.ncbi.nlm.nih.gov/29676709/,melatonin,
pmid-29684494,29684494,2018,,,,,"","Green tea extract induces genes related to browning of white adipose tissue and limits weight-gain in high fat diet-fed rat","Henning SM et al.",https://pubmed.ncbi.nlm.nih.gov/29684494/,egcg,
pmid-29704637,29704637,2018,,,,,"","Creatine supplementation and brain health","Avgerinos KI et al.",https://pubmed.ncbi.nlm.nih.gov/29704637/,kreatin,
pmid-29926979,29926979,2018,,,,,"","Lactobacillus reuteri reduces bone loss in older women with low bone mineral density: a randomized, placebo-controlled, double-blind clinical trial","Nilsson AG et al.",https://pubmed.ncbi.nlm.nih.gov/29926979/,l-reuteri-6475,
pmid-29939616,29939616,2018,,,,,"","Effects of alpha-lipoic acid on metabolic syndrome","Akbari M et al.",https://pubmed.ncbi.nlm.nih.gov/29939616/,alpha-liponsaeure,
pmid-29988130,29988130,2018,,,,,"","Quercetin and Dasatinib Reduce Senescent Cells in Humans (Mayo Clinic)","Xu M et al.",https://pubmed.ncbi.nlm.nih.gov/29988130/,quercetin,
pmid-30006327,30006327,2018,,,,,"","Effect of Nicotinamide Riboside on Insulin Sensitivity, Lipid Mobilization, and Mitochondrial Biogenesis","Dollerup OL et al.",https://pubmed.ncbi.nlm.nih.gov/30006327/,nr,
pmid-30015549,30015549,2018,,,,,"","Choline intake and health outcomes: a review","Wallace TC et al.",https://pubmed.ncbi.nlm.nih.gov/30015549/,cholin,
pmid-30279143,30279143,2018,,,,,"","Fisetin is a senotherapeutic that extends health and lifespan","Yousefzadeh MJ et al.",https://pubmed.ncbi.nlm.nih.gov/30279143/,fisetin,
pmid-30286045,30286045,2018,,,,,"","Vitamin B-6 and health: from biochemistry to clinical implications","Parra M et al.",https://pubmed.ncbi.nlm.nih.gov/30286045/,vitamin-b6,
pmid-30295520,30295520,2018,,,,,"","Thiamine deficiency disorders: diagnosis, prevalence, and a roadmap for global control programs","Whitfield KC et al.",https://pubmed.ncbi.nlm.nih.gov/30295520/,vitamin-b1,
pmid-27328852,27328852,2017,,,,,"","Creatine supplementation for muscle growth: a scoping review","Lanhers C et al.",https://pubmed.ncbi.nlm.nih.gov/27328852/,kreatin,
pmid-27789331,27789331,2017,,,,,"","Resveratrol and cognitive function: a systematic review","Evans HM et al.",https://pubmed.ncbi.nlm.nih.gov/27789331/,resveratrol,
pmid-27852613,27852613,2017,,,,,"","Collagen Peptides Improve Knee Osteoarthritis in Athletes","Shaw G et al.",https://pubmed.ncbi.nlm.nih.gov/27852613/,kollagen,
pmid-28025511,28025511,2017,,,,,"","Cordyceps supplementation and exercise performance","Hirsch KR et al.",https://pubmed.ncbi.nlm.nih.gov/28025511/,cordyceps,
pmid-28077136,28077136,2017,,,,,"","Dietary supplements and depression","Perez-Cornago A et al.",https://pubmed.ncbi.nlm.nih.gov/28077136/,5-htp,
pmid-28092418,28092418,2017,,,,,"","Gut microbiota features associated with Clostridioides difficile colonization in dairy cattle","Plovier H et al.",https://pubmed.ncbi.nlm.nih.gov/28092418/,akkermansia,
pmid-28093633,28093633,2017,,,,,"","Calcium supplementation for the prevention of osteoporotic fractures: systematic review and meta-analysis","Tai V et al.",https://pubmed.ncbi.nlm.nih.gov/28093633/,calcium,
pmid-28111354,28111354,2017,,,,,"","Baicalin and baicalein in inflammation and neuroprotection","Dinda B et al.",https://pubmed.ncbi.nlm.nih.gov/28111354/,baicalin,
pmid-28137772,28137772,2017,,,,,"","Silymarin and the liver","Federico A et al.",https://pubmed.ncbi.nlm.nih.gov/28137772/,silymarin,
pmid-28147231,28147231,2017,,,,,"","Lithium in neuropsychiatry: a historical overview and current perspectives","Malhi GS et al.",https://pubmed.ncbi.nlm.nih.gov/28147231/,lithium-orotat,
pmid-28167794,28167794,2017,,,,,"","Traditional uses and modern evidence of Cistanche","Wang T et al.",https://pubmed.ncbi.nlm.nih.gov/28167794/,cistanche,
pmid-28202713,28202713,2017,,,,,"","Vitamin D supplementation to prevent acute respiratory tract infections","Martineau AR et al.",https://pubmed.ncbi.nlm.nih.gov/28202713/,vitamin-d3,
pmid-28219059,28219059,2017,,,,,"","Multicenter, open-label study of Rhodiola rosea extract in patients with burnout syndrome","Kasper S & Dienel A",https://pubmed.ncbi.nlm.nih.gov/28219059/,rhodiola,
pmid-28273806,28273806,2017,,,,,"","Riboflavin deficiency in the developed world","Pinto JT et al.",https://pubmed.ncbi.nlm.nih.gov/28273806/,vitamin-b2,
pmid-28298225,28298225,2017,,,,,"","Effects of dietary inulin on bowel habits","Micka A et al.",https://pubmed.ncbi.nlm.nih.gov/28298225/,inulin,
pmid-28326808,28326808,2017,,,,,"","Selenium and thyroid disease: from pathophysiology to treatment","Ventura M et al.",https://pubmed.ncbi.nlm.nih.gov/28326808/,selen,
pmid-28332804,28332804,2017,,,,,"","The biology of alpha-ketoglutarate","Zdzisinska B et al.",https://pubmed.ncbi.nlm.nih.gov/28332804/,akg,
pmid-28359099,28359099,2017,,,,,"","Resveratrol as a calorie restriction mimetic: mechanistic targets and clinical relevance","Baur JA & Sinclair DA",https://pubmed.ncbi.nlm.nih.gov/28359099/,resveratrol,
pmid-28362283,28362283,2017,,,,,"","Biotin interference in immunoassays: a cause for concern","Piketty ML et al.",https://pubmed.ncbi.nlm.nih.gov/28362283/,vitamin-b7,
pmid-28471731,28471731,2017,,,,,"","Efficacy and Safety of Ashwagandha Root Extract in Improving Memory and Cognitive Functions","Choudhary D et al.",https://pubmed.ncbi.nlm.nih.gov/28471731/,ashwagandha,
pmid-28575845,28575845,2017,,,,,"","Fisetin reduces oxidative stress and improves vascular function in old mice","Kirkland JL & Tchkonia T",https://pubmed.ncbi.nlm.nih.gov/28575845/,fisetin,
pmid-28615996,28615996,2017,,,,,"","International Society of Sports Nutrition position stand: safety and efficacy of creatine supplementation","Kreider RB et al.",https://pubmed.ncbi.nlm.nih.gov/28615996/,kreatin,
pmid-28654511,28654511,2017,,,,,"","Beta-alanine supplementation and carnosine","Saunders B et al.",https://pubmed.ncbi.nlm.nih.gov/28654511/,beta-alanin,
pmid-28654723,28654723,2017,,,,,"","Methylsulfonylmethane: applications and safety","Butawan M et al.",https://pubmed.ncbi.nlm.nih.gov/28654723/,msm,
pmid-28660890,28660890,2017,,,,,"","Vitamin B12 deficiency","Green R et al.",https://pubmed.ncbi.nlm.nih.gov/28660890/,vitamin-b12,
pmid-28685790,28685790,2017,,,,,"","Centella asiatica in cognition and mood","Puttarak P et al.",https://pubmed.ncbi.nlm.nih.gov/28685790/,gotu-kola,
pmid-28694736,28694736,2017,,,,,"","Pharmacological effects of rutin","Ganeshpurkar A et al.",https://pubmed.ncbi.nlm.nih.gov/28694736/,rutin,
pmid-28724448,28724448,2017,,,,,"","Liver-protective effects of Schisandra","Szopa A et al.",https://pubmed.ncbi.nlm.nih.gov/28724448/,schisandra,
pmid-28748217,28748217,2017,,,,,"","Pharmacological and clinical overview of oral acetylcysteine in respiratory diseases","Mokhtari V et al.",https://pubmed.ncbi.nlm.nih.gov/28748217/,nac,
pmid-28759885,28759885,2017,,,,,"","Glycine metabolism in animals and humans: implications for nutrition and health","Razak MA et al.",https://pubmed.ncbi.nlm.nih.gov/28759885/,glycin,
pmid-28879195,28879195,2017,,,,,"","A review of the use of biotin for hair loss","Patel DP et al.",https://pubmed.ncbi.nlm.nih.gov/28879195/,vitamin-b7,
pmid-28925728,28925728,2017,,,,,"","Curcumin: A Review of Its Effects on Human Health","Hewlings SJ & Kalman DS",https://pubmed.ncbi.nlm.nih.gov/28925728/,curcumin,
pmid-28994648,28994648,2017,,,,,"","Effect of creatine supplementation during resistance training on lean tissue mass and muscular strength in older adults: a meta-analysis","Chilibeck PD et al.",https://pubmed.ncbi.nlm.nih.gov/28994648/,kreatin,
pmid-29099763,29099763,2017,,,,,"","Vitamin C and immune function","Carr AC & Maggini S",https://pubmed.ncbi.nlm.nih.gov/29099763/,vitamin-c,
pmid-32731006,32731006,2017,,,,,"","Efficacy of Hericium erinaceus: a systematic review","Spelman K et al.",https://pubmed.ncbi.nlm.nih.gov/32731006/,lion-s-mane,
pmid-26023227,26023227,2016,,,,,"","L-Citrulline supplementation and blood pressure","Figueroa A et al.",https://pubmed.ncbi.nlm.nih.gov/26023227/,l-citrullin,
pmid-26100928,26100928,2016,,,,,"","Akkermansia muciniphila and improved metabolic health during caloric restriction","Dao MC et al.",https://pubmed.ncbi.nlm.nih.gov/26100928/,akkermansia,
pmid-26395129,26395129,2016,,,,,"","Clinical evaluation of purified shilajit","Pandit S et al.",https://pubmed.ncbi.nlm.nih.gov/26395129/,shilajit,
pmid-26528921,26528921,2016,,,,,"","Efficacy of Turmeric Extracts and Curcumin for Alleviating the Symptoms of Joint Arthritis: Systematic Review and Meta-Analysis","Daily JW et al.",https://pubmed.ncbi.nlm.nih.gov/26528921/,curcumin,
pmid-26781281,26781281,2016,,,,,"","Taurine supplementation lowers blood pressure and improves vascular function in prehypertension","Sun Q et al.",https://pubmed.ncbi.nlm.nih.gov/26781281/,taurin,
pmid-26797602,26797602,2016,,,,,"","Effects of oral GABA administration on stress and sleep","Yamatsu A et al.",https://pubmed.ncbi.nlm.nih.gov/26797602/,gaba,
pmid-26830552,26830552,2016,,,,,"","Cistanche and Alterungsforschung pharmacology","Jiang Y et al.",https://pubmed.ncbi.nlm.nih.gov/26830552/,cistanche,
pmid-26830602,26830602,2016,,,,,"","Effects of caffeine on cognitive performance, mood and alertness","McLellan TM et al.",https://pubmed.ncbi.nlm.nih.gov/26830602/,koffein,
pmid-26837598,26837598,2016,,,,,"","Effects of Magnesium Supplementation on Blood Pressure: A Meta-Analysis of Randomized Double-Blind Placebo-Controlled Trials","Zhang X et al.",https://pubmed.ncbi.nlm.nih.gov/26837598/,magnesium,
pmid-26901749,26901749,2016,,,,,"","Astragalus membranaceus in immunomodulation","Auyeung KK et al.",https://pubmed.ncbi.nlm.nih.gov/26901749/,astragalus,
pmid-26975060,26975060,2016,,,,,"","Effects of resveratrol on cardiovascular risk factors: a meta-analysis","Sahebkar A et al.",https://pubmed.ncbi.nlm.nih.gov/26975060/,resveratrol,
pmid-26975974,26975974,2016,,,,,"","Effect of curcuminoids on inflammatory biomarkers: meta-analysis of RCTs","Sahebkar A et al.",https://pubmed.ncbi.nlm.nih.gov/26975974/,curcumin,
pmid-26975995,26975995,2016,,,,,"","Hydroxytyrosol and potential uses in cardiovascular diseases, cancer, and AIDS","Fabiani R et al.",https://pubmed.ncbi.nlm.nih.gov/26975995/,hydroxytyrosol,
pmid-27094574,27094574,2016,,,,,"","Traditional Chinese medicine compounds in modern pharmacology","Liu Y et al.",https://pubmed.ncbi.nlm.nih.gov/27094574/,baicalin,
pmid-27144639,27144639,2016,,,,,"","Long-term use of glucosamine and chondroitin in osteoarthritis","Bruyère O et al.",https://pubmed.ncbi.nlm.nih.gov/27144639/,glucosamin,
pmid-27174929,27174929,2016,,,,,"","Apigenin as a CD38 inhibitor in aging","Camacho-Pereira J et al.",https://pubmed.ncbi.nlm.nih.gov/27174929/,apigenin,
pmid-27400265,27400265,2016,,,,,"","Urolithin A induces mitophagy and prolongs lifespan in C. elegans and increases muscle function in rodents","Ryu D et al.",https://pubmed.ncbi.nlm.nih.gov/27400265/,urolithin-a,
pmid-27405231,27405231,2016,,,,,"","A systematic review and meta-analysis of Quercetin supplementation and blood pressure","Serban MC et al.",https://pubmed.ncbi.nlm.nih.gov/27405231/,quercetin,
pmid-27534536,27534536,2016,,,,,"","Nicotinamide Riboside Is Uniquely and Orally Bioavailable in Healthy Humans","Trammell SA et al.",https://pubmed.ncbi.nlm.nih.gov/27534536/,nr,
pmid-27559846,27559846,2016,,,,,"","Gut microbiome and aging: physiological and mechanistic insights","Biagi E et al.",https://pubmed.ncbi.nlm.nih.gov/27559846/,probiotika,
pmid-27866067,27866067,2016,,,,,"","Carnitine supplementation and physical performance","Pooyandjoo M et al.",https://pubmed.ncbi.nlm.nih.gov/27866067/,l-carnitin,
pmid-28054935,28054935,2016,,,,,"","Citicoline: pharmacological and clinical review","Secades JJ",https://pubmed.ncbi.nlm.nih.gov/28054935/,cdp-cholin,
pmid-28068222,28068222,2016,,,,,"","Long-Term Administration of Nicotinamide Mononucleotide Mitigates Age-Associated Physiological Decline in Mice","Mills KF et al.",https://pubmed.ncbi.nlm.nih.gov/28068222/,nmn,
pmid-31413233,31413233,2016,,,,,"","Nerve growth factor-inducing activity of Hericium erinaceus bioactive compounds","Zhang J et al.",https://pubmed.ncbi.nlm.nih.gov/31413233/,lion-s-mane,
pmid-33762175,33762175,2016,,,,,"","Spermidine supplementation improves cardiac function in aged mice and humans","Eisenberg T et al.",https://pubmed.ncbi.nlm.nih.gov/33762175/,spermidine,
study-cholin-efsa-ai-2016,,2016,,,,,"","Dietary Reference Values for choline – EFSA NDA Panel","EFSA NDA Panel",https://efsa.onlinelibrary.wiley.com/doi/10.2903/j.efsa.2016.4484,,
pmid-25196580,25196580,2015,,,,,"","Pumpkin seed oil supplementation in men with BPH","Vahlensieck W et al.",https://pubmed.ncbi.nlm.nih.gov/25196580/,kuerbiskernoel,
pmid-25602346,25602346,2015,,,,,"","Oral glutathione supplementation raises body stores of glutathione","Richie JP et al.",https://pubmed.ncbi.nlm.nih.gov/25602346/,glutathion,
pmid-25670000,25670000,2015,,,,,"","Luteolin as a neuroprotective flavonoid","Theoharides TC et al.",https://pubmed.ncbi.nlm.nih.gov/25670000/,luteolin,
pmid-25700159,25700159,2015,,,,,"","Loss of bone and Wnt10b expression in male type 1 diabetic mice is blocked by the probiotic L. reuteri","Zhang J et al.",https://pubmed.ncbi.nlm.nih.gov/25700159/,,
pmid-25743043,25743043,2015,,,,,"","Psyllium fiber improves bowel function","McRorie JW",https://pubmed.ncbi.nlm.nih.gov/25743043/,flohsamenschalen,
pmid-25761837,25761837,2015,,,,,"","A double-blind, placebo-controlled study evaluating caffeine and L-theanine on cognitive function","Dodd FL et al.",https://pubmed.ncbi.nlm.nih.gov/25761837/,l-theanin,
pmid-25793781,25793781,2015,,,,,"","Selenium status in Europe: a systematic review","Stoffaneller R & Morse NL",https://pubmed.ncbi.nlm.nih.gov/25793781/,selen,
pmid-25932463,25932463,2015,,,,,"","Acetyl-L-carnitine and neuropathic pain","Li S et al.",https://pubmed.ncbi.nlm.nih.gov/25932463/,acetyl-l-carnitin,
pmid-25933483,25933483,2015,,,,,"","Phosphatidylserine and the human brain","Glade MJ & Smith K",https://pubmed.ncbi.nlm.nih.gov/25933483/,phosphatidylserin,
pmid-26007572,26007572,2015,,,,,"","A systematic review on the effect of curcumin on metabolic syndrome components","Panahi Y et al.",https://pubmed.ncbi.nlm.nih.gov/26007572/,curcumin,
pmid-26058794,26058794,2015,,,,,"","Ganoderma lucidum in cardiovascular risk factors","Klupp NL et al.",https://pubmed.ncbi.nlm.nih.gov/26058794/,reishi,
pmid-26068271,26068271,2015,,,,,"","Alpha-Lipoic Acid Supplementation and Diabetes","Rochette L et al.",https://pubmed.ncbi.nlm.nih.gov/26068271/,alpha-liponsaeure,
pmid-26501375,26501375,2015,,,,,"","Vitamin K2 reduces arterial stiffness in healthy postmenopausal women – a randomised double blind clinical trial","Knapen MHJ et al.",https://pubmed.ncbi.nlm.nih.gov/26501375/,vitamin-k2,
pmid-26553563,26553563,2015,,,,,"","International Society of Sports Nutrition position stand: beta-alanine","Trexler ET et al.",https://pubmed.ncbi.nlm.nih.gov/26553563/,beta-alanin,
pmid-26609282,26609282,2015,,,,,"","Examining the effect of Withania somnifera supplementation on muscle strength and recovery","Wankhede S et al.",https://pubmed.ncbi.nlm.nih.gov/26609282/,ashwagandha,
pmid-26770156,26770156,2015,,,,,"","Boron and bone health","Pizzorno L",https://pubmed.ncbi.nlm.nih.gov/26770156/,bor,
pmid-27071884,27071884,2015,,,,,"","Effect of calcium supplementation on bone mineral density","Bristow SM et al.",https://pubmed.ncbi.nlm.nih.gov/27071884/,calcium,
study-efsa-caffeine-2015,,2015,,,,,"","Scientific Opinion on the safety of caffeine – EFSA Panel on Dietetic Products","EFSA NDA Panel",https://efsa.onlinelibrary.wiley.com/doi/10.2903/j.efsa.2015.4102,,
pmid-24144610,24144610,2014,,,,,"","MTHFR C677T polymorphism and folate metabolism","Nazki FH et al.",https://pubmed.ncbi.nlm.nih.gov/24144610/,folsaeure,
pmid-24378819,24378819,2014,,,,,"","Astaxanthin as a potential neuroprotective agent for neurological diseases","Ambati RR et al.",https://pubmed.ncbi.nlm.nih.gov/24378819/,astaxanthin,
pmid-24401291,24401291,2014,,,,,"","Oral Supplementation of Specific Collagen Peptides Has Beneficial Effects on Human Skin Physiology","Proksch E et al.",https://pubmed.ncbi.nlm.nih.gov/24401291/,kollagen,
pmid-24420785,24420785,2014,,,,,"","Effects of pumpkin seed oil on urinary disorders in postmenopausal women","Nishimura M et al.",https://pubmed.ncbi.nlm.nih.gov/24420785/,,
pmid-24452721,24452721,2014,,,,,"","Lutein and zeaxanthin and cognitive function","Johnson EJ",https://pubmed.ncbi.nlm.nih.gov/24452721/,lutein-zeaxanthin,
pmid-24481086,24481086,2014,,,,,"","Trehalose delays cardiac aging by enhancing autophagy","Wohlgemuth SE et al.",https://pubmed.ncbi.nlm.nih.gov/24481086/,trehalose,
pmid-24492253,24492253,2014,,,,,"","Expert consensus document: The ISAPP consensus statement on the scope and appropriate use of the term probiotic","Hill C et al.",https://pubmed.ncbi.nlm.nih.gov/24492253/,probiotika,
pmid-24494129,24494129,2014,,,,,"","Therapeutic role of glutathione in medicine","Pizzorno J",https://pubmed.ncbi.nlm.nih.gov/24494129/,glutathion,
pmid-24500942,24500942,2014,,,,,"","Dietary phosphorus and health","Calvo MS et al.",https://pubmed.ncbi.nlm.nih.gov/24500942/,phosphor,
pmid-24511820,24511820,2014,,,,,"","Health benefits of oat beta-glucan","Whitehead A et al.",https://pubmed.ncbi.nlm.nih.gov/24511820/,beta-glucan,
pmid-24512655,24512655,2014,,,,,"","Bacopa monnieri and cognitive performance: a meta-analysis","Kongkeaw C et al.",https://pubmed.ncbi.nlm.nih.gov/24512655/,bacopa,
pmid-24574972,24574972,2014,,,,,"","Probiotics and irritable bowel syndrome: systematic review and meta-analysis","Ford AC et al.",https://pubmed.ncbi.nlm.nih.gov/24574972/,probiotika,
pmid-24700406,24700406,2014,,,,,"","Lactobacillus reuteri ingestion prevents bone loss in a menopausal ovariectomized mouse model","Britton RA et al.",https://pubmed.ncbi.nlm.nih.gov/24700406/,l-reuteri-6475,
pmid-24813272,24813272,2014,,,,,"","Lithium: how low can you go?","Mauer S et al.",https://pubmed.ncbi.nlm.nih.gov/24813272/,lithium-orotat,
pmid-24828042,24828042,2014,,,,,"","Alpha-ketoglutarate, an endogenous metabolite, extends lifespan and compresses morbidity in aging mice","Chin RM et al.",https://pubmed.ncbi.nlm.nih.gov/24828042/,akg,
pmid-24832163,24832163,2014,,,,,"","Association of habitual coffee consumption with risk of type 2 diabetes and cardiovascular disease","Ding M et al.",https://pubmed.ncbi.nlm.nih.gov/24832163/,koffein,
pmid-24891972,24891972,2014,,,,,"","Iodine and thyroid autoimmunity: excess iodine can trigger Hashimoto","Leung AM & Braverman LE",https://pubmed.ncbi.nlm.nih.gov/24891972/,jod,
pmid-25013132,25013132,2014,,,,,"","Ingestion of hyaluronan relieves wrinkles: a double-blinded, placebo-controlled study","Kawada C et al.",https://pubmed.ncbi.nlm.nih.gov/25013132/,hyaluronsaeure,
pmid-25014686,25014686,2014,,,,,"","HPS2-THRIVE randomized placebo-controlled trial in 25,673 high-risk patients of ER niacin/laropiprant","Landray MJ et al.",https://pubmed.ncbi.nlm.nih.gov/25014686/,vitamin-b3,
pmid-25154704,25154704,2014,,,,,"","Coenzyme Q10 Supplementation Reduces Statin-Related Myopathy","Skarlovnik A et al.",https://pubmed.ncbi.nlm.nih.gov/25154704/,coq10,
pmid-25159881,25159881,2014,,,,,"","Potassium intake and all-cause mortality","O'Donnell M et al.",https://pubmed.ncbi.nlm.nih.gov/25159881/,kalium,
pmid-25282031,25282031,2014,,,,,"","Effect of Coenzyme Q10 on Morbidity and Mortality in Chronic Heart Failure (Q-SYMBIO)","Mortensen SA et al.",https://pubmed.ncbi.nlm.nih.gov/25282031/,coq10,
pmid-25313065,25313065,2014,,,,,"","Sulforaphane treatment of autism spectrum disorder (ASD): a randomized double-blind placebo-controlled trial","Singh K et al.",https://pubmed.ncbi.nlm.nih.gov/25313065/,sulforaphan,
pmid-25540326,25540326,2014,,,,,"","mTOR inhibition improves immune function in the elderly","Mannick JB et al.",https://pubmed.ncbi.nlm.nih.gov/25540326/,rapamycin,
pmid-25552213,25552213,2014,,,,,"","Safety and tolerability of ashwagandha root extract: A systematic review and meta-analysis","Pratte MA et al.",https://pubmed.ncbi.nlm.nih.gov/25552213/,ashwagandha,
pmid-30958565,30958565,2014,,,,,"","Calcium intake and bone health in vegan and vegetarian populations","Mangels AR",https://pubmed.ncbi.nlm.nih.gov/30958565/,calcium,
pmid-23036414,23036414,2013,,,,,"","Manganese-induced neurotoxicity: a review of its behavioral consequences and neuroprotective strategies","Martinez-Finley EJ et al.",https://pubmed.ncbi.nlm.nih.gov/23036414/,mangan,
pmid-23044574,23044574,2013,,,,,"","N-acetyl cysteine: the ongoing search for clinical proof","Berk M et al.",https://pubmed.ncbi.nlm.nih.gov/23044574/,nac,
pmid-23097267,23097267,2013,,,,,"","Selenium and Coenzyme Q10 Reduces Cardiovascular Mortality (KiSel-10)","Alehagen U et al.",https://pubmed.ncbi.nlm.nih.gov/23097267/,coq10,
pmid-23253649,23253649,2013,,,,,"","Glutamine supplementation in critically ill patients: a meta-analysis of randomized clinical trials","Bollhalder L et al.",https://pubmed.ncbi.nlm.nih.gov/23253649/,,
pmid-23374455,23374455,2013,,,,,"","Effects of betaine supplementation on muscle strength and power","Cholewa JM et al.",https://pubmed.ncbi.nlm.nih.gov/23374455/,betain,
pmid-23384445,23384445,2013,,,,,"","Gut-brain axis: how the microbiome influences anxiety and depression","Foster JA & McVey Neufeld KA",https://pubmed.ncbi.nlm.nih.gov/23384445/,probiotika,
pmid-23387531,23387531,2013,,,,,"","Bacopa monnieri, a reputed nootropic plant: an overview","Aguiar S et al.",https://pubmed.ncbi.nlm.nih.gov/23387531/,bacopa,
pmid-23440782,23440782,2013,,,,,"","Vitamin C supplementation and common cold duration: meta-analysis","Hemilä H & Chalker E",https://pubmed.ncbi.nlm.nih.gov/23440782/,vitamin-c,
pmid-23448243,23448243,2013,,,,,"","Tea and health: studies in humans","Khan N & Mukhtar H",https://pubmed.ncbi.nlm.nih.gov/23448243/,egcg,
pmid-23459753,23459753,2013,,,,,"","Betaine supplementation enhances anabolic endocrine and Akt signaling","Apicella JM et al.",https://pubmed.ncbi.nlm.nih.gov/23459753/,betain,
pmid-23525894,23525894,2013,,,,,"","Three-year low-dose menaquinone-7 supplementation helps decrease bone loss in healthy postmenopausal women","Knapen MHJ et al.",https://pubmed.ncbi.nlm.nih.gov/23525894/,vitamin-k2,
pmid-23527013,23527013,2013,,,,,"","Lactobacillus reuteri 6475 increases bone density in intact females at multiple skeletal sites","McCabe LR et al.",https://pubmed.ncbi.nlm.nih.gov/23527013/,,
pmid-23574769,23574769,2013,,,,,"","Melatonin and aging: prospects for human intervention","Cardinali DP et al.",https://pubmed.ncbi.nlm.nih.gov/23574769/,melatonin,
pmid-23635871,23635871,2013,,,,,"","Increased potassium intake to reduce blood pressure and cardiovascular risk","Aburto NJ et al.",https://pubmed.ncbi.nlm.nih.gov/23635871/,kalium,
pmid-23644932,23644932,2013,,,,,"","AREDS2: Lutein + zeaxanthin for age-related macular degeneration","AREDS2 Research Group",https://pubmed.ncbi.nlm.nih.gov/23644932/,lutein-zeaxanthin,
pmid-23675558,23675558,2013,,,,,"","Vitamin C in disease prevention and cure: an overview","Pohanka M",https://pubmed.ncbi.nlm.nih.gov/23675558/,vitamin-c,
pmid-23676243,23676243,2013,,,,,"","Niacin in cardiovascular disease: recent preclinical and clinical developments","Guyton JR et al.",https://pubmed.ncbi.nlm.nih.gov/23676243/,vitamin-b3,
pmid-23682780,23682780,2013,,,,,"","Pterostilbene as an antioxidant: rationale and clinical applicability","McCormack D & McFadden D",https://pubmed.ncbi.nlm.nih.gov/23682780/,pterostilben,
pmid-23689751,23689751,2013,,,,,"","Tryptophan depletion and psychiatric vulnerability","Young SN",https://pubmed.ncbi.nlm.nih.gov/23689751/,l-tryptophan,
pmid-23746916,23746916,2013,,,,,"","KiSel-10 study: cardiovascular events with selenium and CoQ10 supplementation","Alehagen U et al.",https://pubmed.ncbi.nlm.nih.gov/23746916/,selen,
pmid-23754792,23754792,2013,,,,,"","Tongkat Ali as a potential adaptogen","Talbott SM et al.",https://pubmed.ncbi.nlm.nih.gov/23754792/,tongkat-ali,
pmid-23810870,23810870,2013,,,,,"","Citrus flavonoids and vascular protection","Testai L et al.",https://pubmed.ncbi.nlm.nih.gov/23810870/,hesperidin,
pmid-23912283,23912283,2013,,,,,"","Choline alphoscerate in cognitive impairment","Traini E et al.",https://pubmed.ncbi.nlm.nih.gov/23912283/,alpha-gpc,
pmid-23990470,23990470,2013,,,,,"","Soluble fiber and glycemic control","Silva FM et al.",https://pubmed.ncbi.nlm.nih.gov/23990470/,flohsamenschalen,
pmid-23992536,23992536,2013,,,,,"","Effects of pterostilbene on lipid profile, glucose and cardiovascular risk","Riche DM et al.",https://pubmed.ncbi.nlm.nih.gov/23992536/,pterostilben,
pmid-24006008,24006008,2013,,,,,"","Centella asiatica and wound healing","Bylka W et al.",https://pubmed.ncbi.nlm.nih.gov/24006008/,gotu-kola,
pmid-24299602,24299602,2013,,,,,"","Saffron (Crocus sativus L.) and major depressive disorder: a meta-analysis of randomized clinical trials","Hausenblas HA et al.",https://pubmed.ncbi.nlm.nih.gov/24299602/,safran-preis-gesundheit; safran,
pmid-24299756,24299756,2013,,,,,"","Inulin-type fructans and gut health","Slavin J",https://pubmed.ncbi.nlm.nih.gov/24299756/,inulin,
pmid-24344115,24344115,2013,,,,,"","Enough is enough: stop wasting money on vitamin and mineral supplements","Guallar E et al.",https://pubmed.ncbi.nlm.nih.gov/24344115/,multivitamin,
pmid-24344415,24344415,2013,,,,,"","Herbal medicine and telomerase activation","Mokbel K et al.",https://pubmed.ncbi.nlm.nih.gov/24344415/,astragalus,
pmid-24349057,24349057,2013,,,,,"","Taurine: A very essential amino acid","Menzie J et al.",https://pubmed.ncbi.nlm.nih.gov/24349057/,taurin,
pmid-24360282,24360282,2013,,,,,"","Declining NAD+ induces a pseudohypoxic state disrupting nuclear-mitochondrial communication during aging","Gomes AP et al.",https://pubmed.ncbi.nlm.nih.gov/24360282/,apigenin,
pmid-22187108,22187108,2012,,,,,"","Iodine deficiency in Europe: a continuing public health problem","Andersson M et al.",https://pubmed.ncbi.nlm.nih.gov/22187108/,jod,
pmid-22238392,22238392,2012,,,,,"","Association between vitamin B12 deficiency and long-term use of metformin","Reinstatler L et al.",https://pubmed.ncbi.nlm.nih.gov/22238392/,vitamin-b12,
pmid-22270875,22270875,2012,,,,,"","Beta-alanine supplementation and exercise performance","Hobson RM et al.",https://pubmed.ncbi.nlm.nih.gov/22270875/,beta-alanin,
pmid-22297886,22297886,2012,,,,,"","Folate and DNA methylation: a review of molecular mechanisms and the evidence for folate's role","Crider KS et al.",https://pubmed.ncbi.nlm.nih.gov/22297886/,folsaeure,
pmid-22327358,22327358,2012,,,,,"","Myo-inositol effects in women with PCOS: a meta-analysis of randomized controlled trials","Unfer V et al.",https://pubmed.ncbi.nlm.nih.gov/22327358/,myo-inositol,
pmid-22348453,22348453,2012,,,,,"","MSM in exercise recovery and inflammation","Kalman DS et al.",https://pubmed.ncbi.nlm.nih.gov/22348453/,msm,
pmid-22381456,22381456,2012,,,,,"","Selenium and human health","Rayman MP",https://pubmed.ncbi.nlm.nih.gov/22381456/,selen,
pmid-22407780,22407780,2012,,,,,"","A randomized, pilot study to assess the efficacy and safety of curcumin in patients with active rheumatoid arthritis","Chandran B & Goel A",https://pubmed.ncbi.nlm.nih.gov/22407780/,curcumin,
pmid-22428137,22428137,2012,,,,,"","Effects of astaxanthin supplementation on skin moisture and wrinkle reduction in healthy women","Tominaga K et al.",https://pubmed.ncbi.nlm.nih.gov/22428137/,astaxanthin,
pmid-22440494,22440494,2012,,,,,"","Systematic review of Ginkgo biloba extract for cognitive function","Laws KR et al.",https://pubmed.ncbi.nlm.nih.gov/22440494/,ginkgo,
pmid-22471152,22471152,2012,,,,,"","Melatonin as an antioxidant: under promises but over delivers","Hardeland R",https://pubmed.ncbi.nlm.nih.gov/22471152/,melatonin,
pmid-22489203,22489203,2012,,,,,"","Thiamine deficiency in diabetes, obesity and bariatric surgery","Via M",https://pubmed.ncbi.nlm.nih.gov/22489203/,vitamin-b1,
pmid-22510091,22510091,2012,,,,,"","Phosphate homeostasis and its role in bone health","Takeda E et al.",https://pubmed.ncbi.nlm.nih.gov/22510091/,phosphor,
pmid-22516723,22516723,2012,,,,,"","Vitamin K2 and Vascular Calcification: A Systematic Review","Dalmeijer GW et al.",https://pubmed.ncbi.nlm.nih.gov/22516723/,vitamin-d3-k2; vitamin-k1,
pmid-22536526,22536526,2012,,,,,"","Thyroid and aging or the aging thyroid?","Gesing A",https://pubmed.ncbi.nlm.nih.gov/22536526/,jod,
pmid-22552758,22552758,2012,,,,,"","Saffron in the treatment of patients with mild to moderate Alzheimer's disease: a 16-week, randomized and placebo-controlled trial — and sexual dysfunction","Modabbernia A et al.",https://pubmed.ncbi.nlm.nih.gov/22552758/,safran,
pmid-22570464,22570464,2012,,,,,"","Probiotics for the prevention of antibiotic-associated diarrhea: meta-analysis","Hempel S et al.",https://pubmed.ncbi.nlm.nih.gov/22570464/,probiotika,
pmid-22762317,22762317,2012,,,,,"","A pooled analysis of vitamin D dose requirements for fracture prevention","Bischoff-Ferrari HA et al.",https://pubmed.ncbi.nlm.nih.gov/22762317/,vitamin-d3,
pmid-22784345,22784345,2012,,,,,"","Effect of Gynostemma pentaphyllum tea on metabolism in obese subjects","Müller C et al.",https://pubmed.ncbi.nlm.nih.gov/22784345/,gynostemma,
pmid-22805162,22805162,2012,,,,,"","Pyrroloquinoline quinone disodium supplementation in humans","Nakano M et al.",https://pubmed.ncbi.nlm.nih.gov/22805162/,pqq,
pmid-22819395,22819395,2012,,,,,"","Effects of citicoline supplementation on attention","McGlade E et al.",https://pubmed.ncbi.nlm.nih.gov/22819395/,cdp-cholin,
pmid-22899991,22899991,2012,,,,,"","Astragalus and healthy aging claims","Block KI",https://pubmed.ncbi.nlm.nih.gov/22899991/,astragalus,
pmid-22971603,22971603,2012,,,,,"","Safety and efficacy of Eurycoma longifolia","Ismail SB et al.",https://pubmed.ncbi.nlm.nih.gov/22971603/,tongkat-ali,
pmid-23118793,23118793,2012,,,,,"","Berberine in the Treatment of Type 2 Diabetes Mellitus: A Systematic Review and Meta-Analysis","Dong H et al.",https://pubmed.ncbi.nlm.nih.gov/23118793/,berberine,
pmid-23162860,23162860,2012,,,,,"","Physicians' Health Study II: Multivitamins in the prevention of cancer","Gaziano JM et al.",https://pubmed.ncbi.nlm.nih.gov/23162860/,multivitamin,
pmid-23171544,23171544,2012,,,,,"","Glycine ingestion improves subjective sleep quality in human volunteers, correlating with polysomnographic changes","Bannai M et al.",https://pubmed.ncbi.nlm.nih.gov/23171544/,glycin,
pmid-23273445,23273445,2012,,,,,"","Eurycoma longifolia and testosterone","Tambi MI et al.",https://pubmed.ncbi.nlm.nih.gov/23273445/,tongkat-ali,
pmid-23439798,23439798,2012,,,,,"","A prospective, randomized double-blind, placebo-controlled study of safety and efficacy of a high-concentration full-spectrum extract of ashwagandha root in reducing stress and anxiety in adults","Chandrasekhar K et al.",https://pubmed.ncbi.nlm.nih.gov/23439798/,ashwagandha,
pmid-23717060,23717060,2012,,,,,"","Shilajit: a natural phytocomplex","Carrasco-Gallardo C et al.",https://pubmed.ncbi.nlm.nih.gov/23717060/,shilajit,
pmid-23853635,23853635,2012,,,,,"","The effect of magnesium supplementation on primary insomnia in elderly","Abbasi B et al.",https://pubmed.ncbi.nlm.nih.gov/23853635/,magnesium,
pmid-21062282,21062282,2011,,,,,"","Gynostemma pentaphyllum extract activates AMPK and improves insulin resistance","Nguyen PH et al.",https://pubmed.ncbi.nlm.nih.gov/21062282/,gynostemma,
pmid-21094641,21094641,2011,,,,,"","The relation of dietary choline to cognitive performance and white-matter hyperintensity in the Framingham Offspring Cohort","Poly C et al.",https://pubmed.ncbi.nlm.nih.gov/21094641/,cholin,
pmid-21127935,21127935,2011,,,,,"","Kaempferol: chemistry and pharmacology","Calderón-Montaño JM et al.",https://pubmed.ncbi.nlm.nih.gov/21127935/,kaempferol,
pmid-21195829,21195829,2011,,,,,"","Oral L-citrulline supplementation improves erection hardness in men with mild erectile dysfunction","Cormio L et al.",https://pubmed.ncbi.nlm.nih.gov/21195829/,l-citrullin,
pmid-21207795,21207795,2011,,,,,"","Astaxanthin in cardiovascular health and disease","Fassett RG & Coombes JS",https://pubmed.ncbi.nlm.nih.gov/21207795/,astaxanthin,
pmid-21219274,21219274,2011,,,,,"","Bioavailability of pterostilbene in humans: a meta-analysis","Kapetanovic IM et al.",https://pubmed.ncbi.nlm.nih.gov/21219274/,pterostilben,
pmid-21291821,21291821,2011,,,,,"","Hydroxytyrosol supplementation improves endothelial function","Susalit E et al.",https://pubmed.ncbi.nlm.nih.gov/21291821/,hydroxytyrosol,
pmid-21347875,21347875,2011,,,,,"","Ergothioneine reduces the severity of MPTP-induced Parkinson's disease","Koh YH et al.",https://pubmed.ncbi.nlm.nih.gov/21347875/,ergothionein,
pmid-21348891,21348891,2011,,,,,"","Oat beta-glucan and cardiometabolic health","Tiwari U et al.",https://pubmed.ncbi.nlm.nih.gov/21348891/,beta-glucan,
pmid-21438650,21438650,2011,,,,,"","Reishi mushroom and immune modulation","Wachtel-Galor S et al.",https://pubmed.ncbi.nlm.nih.gov/21438650/,reishi,
pmid-21462495,21462495,2011,,,,,"","Hesperidin and cardiovascular health","Rizza S et al.",https://pubmed.ncbi.nlm.nih.gov/21462495/,hesperidin,
pmid-21485974,21485974,2011,,,,,"","Betaine supplementation and cardiovascular risk","Lever M et al.",https://pubmed.ncbi.nlm.nih.gov/21485974/,tmg,
pmid-21593586,21593586,2011,,,,,"","Bioavailability of sulforaphane from two broccoli sprout beverages: results of a short-term, cross-over clinical trial in Qidong, China","Egner PA et al.",https://pubmed.ncbi.nlm.nih.gov/21593586/,sulforaphan,
pmid-21715508,21715508,2011,,,,,"","Green tea catechins reduce total and LDL cholesterol: a systematic review and meta-analysis","Zheng XX et al.",https://pubmed.ncbi.nlm.nih.gov/21715508/,egcg,
pmid-21738288,21738288,2011,,,,,"","Herbal products for nonalcoholic fatty liver disease","Loguercio C et al.",https://pubmed.ncbi.nlm.nih.gov/21738288/,silymarin,
pmid-21873346,21873346,2011,,,,,"","Boron in human health: evidence and open questions","Scorei ID et al.",https://pubmed.ncbi.nlm.nih.gov/21873346/,bor,
pmid-21969991,21969991,2011,,,,,"","Betaine supplementation and exercise performance","Trepanowski JF et al.",https://pubmed.ncbi.nlm.nih.gov/21969991/,betain,
pmid-22050429,22050429,2011,,,,,"","Vitamin E and the risk of prostate cancer: the Selenium and Vitamin E Cancer Prevention Trial (SELECT)","Klein EA et al.",https://pubmed.ncbi.nlm.nih.gov/22050429/,vitamin-e,
pmid-22214254,22214254,2011,,,,,"","Effects of L-theanine on objective sleep quality in boys with ADHD","Higashiyama A et al.",https://pubmed.ncbi.nlm.nih.gov/22214254/,l-theanin,
study-hydroxytyrosol-efsa-2011,,2011,,,,,"","Scientific Opinion on the substantiation of health claims related to polyphenols in olive","EFSA Panel on Dietetic Products, Nutrition and Allergies",https://efsa.onlinelibrary.wiley.com/doi/10.2903/j.efsa.2011.2033,,
pmid-19966578,19966578,2010,,,,,"","Memory enhancement with soybean-derived phosphatidylserine in Israeli subjects with memory complaints: a double-blind and placebo-controlled trial","Vakhapova V et al.",https://pubmed.ncbi.nlm.nih.gov/19966578/,phosphatidylserin,
pmid-20005244,20005244,2010,,,,,"","Flavonoids in brain aging","Spencer JPE",https://pubmed.ncbi.nlm.nih.gov/20005244/,luteolin,
pmid-20018833,20018833,2010,,,,,"","Flavonoids and aging-related disease","Vauzour D et al.",https://pubmed.ncbi.nlm.nih.gov/20018833/,kaempferol,
pmid-20091547,20091547,2010,,,,,"","Caffeine for the prevention of injuries and errors in shift workers","Ker K et al.",https://pubmed.ncbi.nlm.nih.gov/20091547/,koffein,
pmid-20109491,20109491,2010,,,,,"","Adaptogens and stress protection","Panossian A et al.",https://pubmed.ncbi.nlm.nih.gov/20109491/,schisandra,
pmid-20150526,20150526,2010,,,,,"","Berberine Improves Insulin Sensitivity by Inhibiting Fat Store and Adjusting Energy Metabolism in High-Fat Diet-Induced Obese Mice","Zhang H et al.",https://pubmed.ncbi.nlm.nih.gov/20150526/,berberine,
pmid-20152124,20152124,2010,,,,,"","Enhancement of Learning and Memory by Elevating Brain Magnesium (Mg-L-Threonate)","Slutsky I et al.",https://pubmed.ncbi.nlm.nih.gov/20152124/,magnesium,
pmid-20236064,20236064,2010,,,,,"","Interaction between vitamin K intake and anticoagulation by vitamin K antagonists","Gebuis EP et al.",https://pubmed.ncbi.nlm.nih.gov/20236064/,vitamin-k1,
pmid-20308112,20308112,2010,,,,,"","Ergothioneine, a diet-derived antioxidant with therapeutic potential","Paul BD, Snyder SH",https://pubmed.ncbi.nlm.nih.gov/20308112/,ergothionein,
pmid-20369674,20369674,2010,,,,,"","Role of carnitine in disease","Flanagan JL et al.",https://pubmed.ncbi.nlm.nih.gov/20369674/,l-carnitin,
pmid-20370918,20370918,2010,,,,,"","A systematic review of the evidence for maca","Shin BC et al.",https://pubmed.ncbi.nlm.nih.gov/20370918/,maca,
pmid-20386132,20386132,2010,,,,,"","Citrulline malate enhances athletic anaerobic performance","Pérez-Guisado J, Jakeman PM",https://pubmed.ncbi.nlm.nih.gov/20386132/,l-citrullin,
pmid-20412130,20412130,2010,,,,,"","Cordyceps and fatigue","Chen S et al.",https://pubmed.ncbi.nlm.nih.gov/20412130/,cordyceps,
pmid-20435159,20435159,2010,,,,,"","Ginseng and cognition","Reay JL et al.",https://pubmed.ncbi.nlm.nih.gov/20435159/,ginseng,
pmid-20523044,20523044,2010,,,,,"","Soy-derived phosphatidylserine improves memory function of the elderly Japanese subjects with memory complaints","Kato-Kataoka A et al.",https://pubmed.ncbi.nlm.nih.gov/20523044/,phosphatidylserin,
pmid-20562218,20562218,2010,,,,,"","Pterostilbene exerts antitumor activity via the Notch1 signaling pathway in human lung adenocarcinoma cells","Schneider JG et al.",https://pubmed.ncbi.nlm.nih.gov/20562218/,pterostilben,
pmid-20589765,20589765,2010,,,,,"","Luteolin and apigenin as inhibitors of inflammation","Shukla S & Gupta S",https://pubmed.ncbi.nlm.nih.gov/20589765/,apigenin,
pmid-20595412,20595412,2010,,,,,"","S-adenosylmethionine in depression","Papakostas GI et al.",https://pubmed.ncbi.nlm.nih.gov/20595412/,same,
pmid-20637008,20637008,2010,,,,,"","Astaxanthin supplementation attenuates immunosuppression induced by intensive training in sedentary males","Park JS et al.",https://pubmed.ncbi.nlm.nih.gov/20637008/,astaxanthin,
pmid-20660279,20660279,2010,,,,,"","Effects of lutein and zeaxanthin on aspects of eye health","Stringham JM et al.",https://pubmed.ncbi.nlm.nih.gov/20660279/,lutein-zeaxanthin,
pmid-20838622,20838622,2010,,,,,"","Homocysteine-Lowering by B Vitamins Slows the Rate of Accelerated Brain Atrophy in MCI (VITACOG)","Smith AD et al.",https://pubmed.ncbi.nlm.nih.gov/20838622/,vitamin-b12,
pmid-21205692,21205692,2010,,,,,"","B vitamins and omega-3 fatty acids on cardiovascular diseases: systematic review and meta-analysis","Clarke R et al.",https://pubmed.ncbi.nlm.nih.gov/21205692/,vitamin-b12,
pmid-29155946,29155946,2010,,,,,"","Enhancers and inhibitors of iron absorption in plant-based diets","Hurrell R & Egli I",https://pubmed.ncbi.nlm.nih.gov/29155946/,eisen,
pmid-18385818,18385818,2009,,,,,"","Zinc: role in immunity, oxidative stress and chronic inflammation","Prasad AS",https://pubmed.ncbi.nlm.nih.gov/18385818/,zink,
pmid-19007524,19007524,2009,,,,,"","The metabolic effects of epigallocatechin-3-gallate: mechanisms and applications","Thielecke F & Boschmann M",https://pubmed.ncbi.nlm.nih.gov/19007524/,egcg,
pmid-19016404,19016404,2009,,,,,"","A randomised, double-blind, placebo-controlled, parallel-group study of SHR-5 extract in the treatment of stress related fatigue","Olsson EM et al.",https://pubmed.ncbi.nlm.nih.gov/19016404/,rhodiola,
pmid-19321502,19321502,2009,,,,,"","PQQ: a novel vitamin-like compound?","Rucker R et al.",https://pubmed.ncbi.nlm.nih.gov/19321502/,pqq,
pmid-19375465,19375465,2009,,,,,"","Scutellaria baicalensis and bioactive flavones","Li-Weber M",https://pubmed.ncbi.nlm.nih.gov/19375465/,baicalin,
pmid-19402938,19402938,2009,,,,,"","Quercetin reduces systolic blood pressure in overweight subjects","Egert S et al.",https://pubmed.ncbi.nlm.nih.gov/19402938/,quercetin,
pmid-19587680,19587680,2009,,,,,"","Rapamycin fed late in life extends lifespan in genetically heterogeneous mice","Harrison DE et al.",https://pubmed.ncbi.nlm.nih.gov/19587680/,rapamycin,
pmid-19628196,19628196,2009,,,,,"","Gynostemma pentaphyllum and lipid-lowering effects","Olsson EM et al.",https://pubmed.ncbi.nlm.nih.gov/19628196/,gynostemma,
pmid-19640941,19640941,2009,,,,,"","The gut microbiome determines the bioavailability of pomegranate polyphenols and their metabolite urolithin A","Selma MV et al.",https://pubmed.ncbi.nlm.nih.gov/19640941/,urolithin-a,
pmid-19678779,19678779,2009,,,,,"","Panax ginseng for fatigue","Bahrke MS et al.",https://pubmed.ncbi.nlm.nih.gov/19678779/,ginseng,
pmid-19734380,19734380,2009,,,,,"","The role of tryptophan in mood and cognition","Richard DM et al.",https://pubmed.ncbi.nlm.nih.gov/19734380/,l-tryptophan,
pmid-19821345,19821345,2009,,,,,"","Ginkgo biloba for cognitive impairment and dementia","Birks J et al.",https://pubmed.ncbi.nlm.nih.gov/19821345/,ginkgo,
pmid-17953788,17953788,2008,,,,,"","Effects of citrulline supplementation on exercise performance","Schwedhelm E et al.",https://pubmed.ncbi.nlm.nih.gov/17953788/,l-citrullin,
pmid-18197562,18197562,2008,,,,,"","Silicon: a review of its potential role in the prevention and treatment of postmenopausal osteoporosis","Spector TD et al.",https://pubmed.ncbi.nlm.nih.gov/18197562/,silicium,
pmid-18296328,18296328,2008,,,,,"","L-theanine, a natural constituent in tea, and its effect on mental state","Nobre AC et al.",https://pubmed.ncbi.nlm.nih.gov/18296328/,l-theanin,
pmid-18385819,18385819,2008,,,,,"","The role of zinc in the biology of aging","Mocchegiani E et al.",https://pubmed.ncbi.nlm.nih.gov/18385819/,zink,
pmid-18396376,18396376,2008,,,,,"","Pharmacology of Cordyceps","Paterson RRM",https://pubmed.ncbi.nlm.nih.gov/18396376/,cordyceps,
pmid-18454811,18454811,2008,,,,,"","Niacin","Bogan KL et al.",https://pubmed.ncbi.nlm.nih.gov/18454811/,vitamin-b3,
pmid-18461736,18461736,2008,,,,,"","Effects of alpha-GPC on isometric strength","Ziegenfuss TN et al.",https://pubmed.ncbi.nlm.nih.gov/18461736/,alpha-gpc,
pmid-18488400,18488400,2008,,,,,"","Copper deficiency, a new triad: anemia, leucopenia, and myeloneuropathy","Halfdanarson TR et al.",https://pubmed.ncbi.nlm.nih.gov/18488400/,kupfer,
pmid-18489294,18489294,2008,,,,,"","Causes and early diagnosis of vitamin B12 deficiency","Herrmann W & Obeid R",https://pubmed.ncbi.nlm.nih.gov/18489294/,vitamin-b12,
pmid-18499654,18499654,2008,,,,,"","Anti-inflammatory properties of luteolin","Seelinger G et al.",https://pubmed.ncbi.nlm.nih.gov/18499654/,luteolin,
pmid-18515024,18515024,2008,,,,,"","Schisandra chinensis in traditional and modern use","Panossian A et al.",https://pubmed.ncbi.nlm.nih.gov/18515024/,schisandra,
pmid-18654924,18654924,2008,,,,,"","Maca in menopause","Brooks NA et al.",https://pubmed.ncbi.nlm.nih.gov/18654924/,maca,
pmid-18681988,18681988,2008,,,,,"","Behavioral effects of compounds co-consumed in dietary amounts with caffeine","Haskell CF et al.",https://pubmed.ncbi.nlm.nih.gov/18681988/,l-theanin,
pmid-18752471,18752471,2008,,,,,"","Nothing boring about boron","Nielsen FH",https://pubmed.ncbi.nlm.nih.gov/18752471/,bor,
pmid-18793724,18793724,2008,,,,,"","Zinc deficiency: what are the most appropriate interventions?","Bhutta ZA et al.",https://pubmed.ncbi.nlm.nih.gov/18793724/,zink,
pmid-18926930,18926930,2008,,,,,"","Coenzyme Q10 as a predictor of mortality in chronic heart failure","Molyneux SL et al.",https://pubmed.ncbi.nlm.nih.gov/18926930/,coq10,
pmid-19800084,19800084,2008,,,,,"","Efficacy of Berberine in Patients with Type 2 Diabetes Mellitus","Yin J et al.",https://pubmed.ncbi.nlm.nih.gov/19800084/,berberine,
pmid-19861941,19861941,2008,,,,,"","Phosphatidylserine reduces stress and improves cognitive performance in elderly individuals","Baumeister J et al.",https://pubmed.ncbi.nlm.nih.gov/19861941/,phosphatidylserin,
study-hyaluronsaeure-kalman-2008,,2008,,,,,"","Effect of oral hyaluronic acid supplementation on knee osteoarthritis pain","Kalman DS et al.",https://pubmed.ncbi.nlm.nih.gov/,,
pmid-17138823,17138823,2007,,,,,"","Differential lipoprotein transport pathways of K-vitamins in healthy subjects","Schurgers LJ et al.",https://pubmed.ncbi.nlm.nih.gov/17138823/,vitamin-k2,
pmid-17272967,17272967,2007,,,,,"","L-Theanine reduces psychological and physiological stress responses","Kimura K et al.",https://pubmed.ncbi.nlm.nih.gov/17272967/,l-theanin,
pmid-17336393,17336393,2007,,,,,"","Ganoderma lucidum for pharmacologically relevant effects","Boh B et al.",https://pubmed.ncbi.nlm.nih.gov/17336393/,reishi,
pmid-17386983,17386983,2007,,,,,"","Coenzyme Q10 in the treatment of hypertension: a meta-analysis of the clinical trials","Rosenfeldt FL et al.",https://pubmed.ncbi.nlm.nih.gov/17386983/,coq10,
pmid-17405083,17405083,2007,,,,,"","Wernicke encephalopathy in clinical practice","Sechi G et al.",https://pubmed.ncbi.nlm.nih.gov/17405083/,vitamin-b1,
pmid-17435952,17435952,2007,,,,,"","The role of silicon in bone formation and maintenance","Jugdaohsingh R",https://pubmed.ncbi.nlm.nih.gov/17435952/,silicium,
pmid-17604172,17604172,2007,,,,,"","Prebiotic effects of inulin-type fructans","Roberfroid M",https://pubmed.ncbi.nlm.nih.gov/17604172/,inulin,
pmid-17619763,17619763,2007,,,,,"","Piperine, a major alkaloid of black pepper: a review","Srinivasan K",https://pubmed.ncbi.nlm.nih.gov/17619763/,piperin,
pmid-17634462,17634462,2007,,,,,"","Vitamin D Deficiency","Holick MF",https://pubmed.ncbi.nlm.nih.gov/17634462/,vitamin-d3-k2,
pmid-17684127,17684127,2007,,,,,"","Chromium supplementation in type 2 diabetes mellitus","Balk EM et al.",https://pubmed.ncbi.nlm.nih.gov/17684127/,chrom,
pmid-17828627,17828627,2007,,,,,"","Creatine supplementation and cognitive performance in elderly individuals","McMorris T et al.",https://pubmed.ncbi.nlm.nih.gov/17828627/,kreatin,
pmid-17846391,17846391,2007,,,,,"","Vitamin D supplementation and total mortality: a meta-analysis of randomized controlled trials","Autier P & Gandini S",https://pubmed.ncbi.nlm.nih.gov/17846391/,vitamin-d3,
pmid-17952759,17952759,2007,,,,,"","Myo-inositol and D-chiro inositol in improving insulin resistance in women with PCOS","Gerli S et al.",https://pubmed.ncbi.nlm.nih.gov/17952759/,myo-inositol,
pmid-17990197,17990197,2007,,,,,"","Rhodiola rosea for mental and physical fatigue in nursing students","Darbinyan V et al.",https://pubmed.ncbi.nlm.nih.gov/17990197/,rhodiola,
pmid-18072817,18072817,2007,,,,,"","Possible dangers of dietary lithium supplementation","Pauzé DK et al.",https://pubmed.ncbi.nlm.nih.gov/18072817/,lithium-orotat,
pmid-16309928,16309928,2006,,,,,"","Effect of methylsulfonylmethane supplementation on osteoarthritis","Kim LS et al.",https://pubmed.ncbi.nlm.nih.gov/16309928/,msm,
pmid-16517407,16517407,2006,,,,,"","Acetyl-L-carnitine in aging and neuroprotection","Calabrese V et al.",https://pubmed.ncbi.nlm.nih.gov/16517407/,acetyl-l-carnitin,
pmid-16614413,16614413,2006,,,,,"","PQQ and mitochondrial function","Stites T et al.",https://pubmed.ncbi.nlm.nih.gov/16614413/,pqq,
pmid-16716930,16716930,2006,,,,,"","5-Hydroxytryptophan: a clinically-effective serotonin precursor","Turner EH et al.",https://pubmed.ncbi.nlm.nih.gov/16716930/,5-htp,
pmid-16753142,16753142,2006,,,,,"","Tocotrienols: the emerging face of natural vitamin E","Sen CK et al.",https://pubmed.ncbi.nlm.nih.gov/16753142/,vitamin-e,
pmid-16816108,16816108,2006,,,,,"","Choline: critical role during fetal development and dietary requirements in adults","Zeisel SH et al.",https://pubmed.ncbi.nlm.nih.gov/16816108/,cholin,
pmid-16825686,16825686,2006,,,,,"","Iodine supplementation improves cognition in iodine-deficient schoolchildren","Zimmermann MB et al.",https://pubmed.ncbi.nlm.nih.gov/16825686/,jod,
pmid-16971751,16971751,2006,,,,,"","Neurotransmitters as food supplements: the case of GABA","Abdou AM et al.",https://pubmed.ncbi.nlm.nih.gov/16971751/,gaba,
pmid-17004914,17004914,2006,,,,,"","Pumpkin seed oil and phytosterol-F for benign prostatic hyperplasia","Gossell-Williams M et al.",https://pubmed.ncbi.nlm.nih.gov/17004914/,,
pmid-17062856,17062856,2006,,,,,"","Glucosamine, chondroitin sulfate, and the two in combination for painful knee osteoarthritis","Clegg DO et al.",https://pubmed.ncbi.nlm.nih.gov/17062856/,glucosamin,
pmid-17119255,17119255,2006,,,,,"","Vitamin deficiencies in elderly people","Lesourd B",https://pubmed.ncbi.nlm.nih.gov/17119255/,vitamin-b5,
pmid-15537682,15537682,2005,,,,,"","Meta-analysis: high-dosage vitamin E supplementation may increase all-cause mortality","Miller ER et al.",https://pubmed.ncbi.nlm.nih.gov/15537682/,vitamin-e,
pmid-15655131,15655131,2005,,,,,"","Effect of betaine on homocysteine concentrations","Olthof MR, Verhoef P",https://pubmed.ncbi.nlm.nih.gov/15655131/,betain,
pmid-15691787,15691787,2005,,,,,"","Melatonin for treatment of sleep disorders – meta-analysis","Brzezinski A et al.",https://pubmed.ncbi.nlm.nih.gov/15691787/,melatonin,
pmid-15701098,15701098,2005,,,,,"","Oral intake of choline-stabilized orthosilicic acid affects skin, nails and hair","Barel A et al.",https://pubmed.ncbi.nlm.nih.gov/15701098/,silicium,
pmid-15883553,15883553,2005,,,,,"","Interactions between copper and zinc in human nutrition","Fischer Walker C et al.",https://pubmed.ncbi.nlm.nih.gov/15883553/,kupfer,
pmid-16007253,16007253,2005,,,,,"","Drug interactions with Ginkgo biloba","Izzo AA et al.",https://pubmed.ncbi.nlm.nih.gov/16007253/,ginkgo,
pmid-16034828,16034828,2005,,,,,"","Glucosamine therapy for osteoarthritis","Towheed TE et al.",https://pubmed.ncbi.nlm.nih.gov/16034828/,glucosamin,
pmid-16099008,16099008,2005,,,,,"","The role of manganese in bone health","Aschner M et al.",https://pubmed.ncbi.nlm.nih.gov/16099008/,mangan,
pmid-14695379,14695379,2004,,,,,"","Choline and risk of neural tube defects in a folate-fortified population","Shaw GM et al.",https://pubmed.ncbi.nlm.nih.gov/14695379/,cholin,
pmid-15189112,15189112,2004,,,,,"","Oral Magnesium Supplementation Reduces Insulin Resistance in Non-Diabetic Subjects","Guerrero-Romero F et al.",https://pubmed.ncbi.nlm.nih.gov/15189112/,magnesium,
pmid-15212784,15212784,2004,,,,,"","Glutathione metabolism and its selective modification","Wu G et al.",https://pubmed.ncbi.nlm.nih.gov/15212784/,glutathion,
pmid-15300606,15300606,2004,,,,,"","Trehalose alleviates polyglutamine-mediated pathology in a mouse model of Huntington disease","Tanaka M et al.",https://pubmed.ncbi.nlm.nih.gov/15300606/,trehalose,
pmid-15466416,15466416,2004,,,,,"","Berberine is a Novel Cholesterol-Lowering Drug Working Through a Unique Mechanism Distinct from Statins","Kong W et al.",https://pubmed.ncbi.nlm.nih.gov/15466416/,berberine,
pmid-15466943,15466943,2004,,,,,"","Betaine in human nutrition","Craig SA",https://pubmed.ncbi.nlm.nih.gov/15466943/,tmg,
pmid-15514282,15514282,2004,,,,,"","Dietary Intake of Menaquinone Is Associated with a Reduced Risk of Coronary Heart Disease: The Rotterdam Study","Geleijnse JM et al.",https://pubmed.ncbi.nlm.nih.gov/15514282/,vitamin-d3-k2; vitamin-k2,
pmid-25905295,25905295,2004,,,,,"","Resveratrol bioavailability and kinetics in humans: a randomized controlled study","Walle T et al.",https://pubmed.ncbi.nlm.nih.gov/25905295/,resveratrol,
pmid-12514275,12514275,2003,,,,,"","Betaine supplementation decreases plasma homocysteine in healthy adult humans","Olthof MR et al.",https://pubmed.ncbi.nlm.nih.gov/12514275/,tmg,
pmid-12716668,12716668,2003,,,,,"","Dietary flavonols and health","Beecher GR",https://pubmed.ncbi.nlm.nih.gov/12716668/,kaempferol,
pmid-12725561,12725561,2003,,,,,"","Rhodiola rosea in stress induced fatigue – a double blind cross-over study of a standardized extract SHR-5","Shevtsov VA et al.",https://pubmed.ncbi.nlm.nih.gov/12725561/,rhodiola,
pmid-12791609,12791609,2003,,,,,"","Riboflavin","Powers HJ",https://pubmed.ncbi.nlm.nih.gov/12791609/,vitamin-b2,
pmid-12849737,12849737,2003,,,,,"","Acetyl-L-carnitine in the treatment of cognitive decline","Montgomery SA et al.",https://pubmed.ncbi.nlm.nih.gov/12849737/,acetyl-l-carnitin,
pmid-11911815,11911815,2002,,,,,"","The biological chemistry of molybdenum","Hille R",https://pubmed.ncbi.nlm.nih.gov/11911815/,molybdaen,
pmid-11953940,11953940,2002,,,,,"","Effects of taurine on plasma lipid levels in post-menopausal women","Militante JD & Lombardini JB",https://pubmed.ncbi.nlm.nih.gov/11953940/,taurin,
pmid-12062105,12062105,2002,,,,,"","S-adenosylmethionine: from biochemistry to clinical use","Mischoulon D et al.",https://pubmed.ncbi.nlm.nih.gov/12062105/,same,
pmid-12113659,12113659,2002,,,,,"","Panax ginseng: a systematic review of adverse effects","Coon JT et al.",https://pubmed.ncbi.nlm.nih.gov/12113659/,ginseng,
pmid-12204876,12204876,2002,,,,,"","Safety concerns with herbo-mineral products","Ernst E",https://pubmed.ncbi.nlm.nih.gov/12204876/,shilajit,
pmid-12408439,12408439,2002,,,,,"","GABA and the blood-brain barrier","Shyamaladevi N et al.",https://pubmed.ncbi.nlm.nih.gov/12408439/,gaba,
pmid-12472441,12472441,2002,,,,,"","SAMe for osteoarthritis","Soeken KL et al.",https://pubmed.ncbi.nlm.nih.gov/12472441/,same,
pmid-12472620,12472620,2002,,,,,"","Maca for sexual desire","Gonzales GF et al.",https://pubmed.ncbi.nlm.nih.gov/12472620/,maca,
pmid-19579518,19579518,2002,,,,,"","Parenteral glutamine supplementation in critical illness: a systematic review","Novak F et al.",https://pubmed.ncbi.nlm.nih.gov/19579518/,,
pmid-23107545,23107545,2002,,,,,"","Prevalence of iron deficiency in the US population","Looker AC et al.",https://pubmed.ncbi.nlm.nih.gov/23107545/,eisen,
pmid-11285671,11285671,2001,,,,,"","Flavonoids including rutin in chronic disease prevention","Nijveldt RJ et al.",https://pubmed.ncbi.nlm.nih.gov/11285671/,rutin,
pmid-11297858,11297858,2001,,,,,"","Pharmacology of Centella asiatica","James JT et al.",https://pubmed.ncbi.nlm.nih.gov/11297858/,gotu-kola,
pmid-11396858,11396858,2001,,,,,"","Alpha-glycerylphosphorylcholine in cognitive decline","Parnetti L et al.",https://pubmed.ncbi.nlm.nih.gov/11396858/,alpha-gpc,
pmid-11448538,11448538,2001,,,,,"","Rutin and vascular health","Guardia T et al.",https://pubmed.ncbi.nlm.nih.gov/11448538/,rutin,
pmid-11498727,11498727,2001,,,,,"","The chronic effects of Bacopa monnieri on cognitive function in healthy human subjects","Stough C et al.",https://pubmed.ncbi.nlm.nih.gov/11498727/,bacopa,
study-vitamin-a-iom-dri-2001,,2001,,,,,"","Dietary Reference Intakes for Vitamin A, Vitamin K, Arsenic, Boron, Chromium, Copper, Iodine, Iron, Manganese, Molybdenum, Nickel, Silicon, Vanadium, and Zinc","Institute of Medicine",https://www.ncbi.nlm.nih.gov/books/NBK222310/,,
pmid-10837282,10837282,2000,,,,,"","The effect of psyllium on serum lipids","Anderson JW et al.",https://pubmed.ncbi.nlm.nih.gov/10837282/,flohsamenschalen,
pmid-10485337,10485337,1999,,,,,"","Vitamin E: function and metabolism","Brigelius-Flohe R & Traber MG",https://pubmed.ncbi.nlm.nih.gov/10485377/,vitamin-e,
pmid-9484373,9484373,1998,,,,,"","Effectiveness of high-dose riboflavin in migraine prophylaxis","Schoenen J et al.",https://pubmed.ncbi.nlm.nih.gov/9484373/,vitamin-b2,
pmid-9619120,9619120,1998,,,,,"","Influence of piperine on the pharmacokinetics of curcumin","Shoba G et al.",https://pubmed.ncbi.nlm.nih.gov/9619120/,piperin,
pmid-9727088,9727088,1998,,,,,"","5-HTP efficacy and contraindications","Birdsall TC",https://pubmed.ncbi.nlm.nih.gov/9727088/,5-htp,
pmid-9200320,9200320,1997,,,,,"","Glutamine-supplemented parenteral nutrition improves survival and reduces septic episodes in critically ill patients with severe burns","Garrel D et al.",https://pubmed.ncbi.nlm.nih.gov/9200320/,,
pmid-9294217,9294217,1997,,,,,"","Broccoli sprouts: an exceptionally rich source of inducers of enzymes that protect against chemical carcinogens","Fahey JW et al.",https://pubmed.ncbi.nlm.nih.gov/9294217/,sulforaphan,
pmid-8595692,8595692,1996,,,,,"","Pantothenic acid","Plesofsky-Vig N",https://pubmed.ncbi.nlm.nih.gov/8595692/,vitamin-b5,
pmid-8644688,8644688,1996,,,,,"","High-dose vitamin C supplementation increases the Km of ascorbate","Levine M et al.",https://pubmed.ncbi.nlm.nih.gov/8644688/,vitamin-c,
pmid-8874839,8874839,1996,,,,,"","Inositol treatment of obsessive-compulsive disorder","Fux M et al.",https://pubmed.ncbi.nlm.nih.gov/8874839/,myo-inositol,
pmid-8875519,8875519,1996,,,,,"","Zinc supplementation and testosterone levels","Prasad AS et al.",https://pubmed.ncbi.nlm.nih.gov/8875519/,zink,
pmid-8898684,8898684,1996,,,,,"","Citicoline improves verbal memory in aging","Spiers PA et al.",https://pubmed.ncbi.nlm.nih.gov/8898684/,cdp-cholin,
pmid-8906638,8906638,1996,,,,,"","Trace elements in human nutrition","Nielsen FH",https://pubmed.ncbi.nlm.nih.gov/8906638/,molybdaen,
pmid-7649494,7649494,1995,,,,,"","Alpha lipoic acid as a biological antioxidant","Packer L et al.",https://pubmed.ncbi.nlm.nih.gov/7649494/,,
pmid-7730405,7730405,1995,,,,,"","Inositol versus placebo in treatment of panic disorder","Benjamin J et al.",https://pubmed.ncbi.nlm.nih.gov/7730405/,myo-inositol,
pmid-7794222,7794222,1995,,,,,"","The effects of tyrosine on cognitive performance during extended wakefulness","Neri DF et al.",https://pubmed.ncbi.nlm.nih.gov/7794222/,l-tyrosin,
pmid-7898410,7898410,1995,,,,,"","Anxiolytic-like activity and apigenin treatment in a model of generalized anxiety","Viola H et al.",https://pubmed.ncbi.nlm.nih.gov/7898410/,apigenin,
pmid-7737166,7737166,1994,,,,,"","Tyrosine improves cognitive performance and reduces blood pressure in cadets after one week of combat training","Deijen JB, Orlebeke JF",https://pubmed.ncbi.nlm.nih.gov/7737166/,l-tyrosin,
pmid-7933422,7933422,1994,,,,,"","Lutein and zeaxanthin status and risk of age-related macular degeneration","Seddon JM et al.",https://pubmed.ncbi.nlm.nih.gov/7933422/,lutein-zeaxanthin,
pmid-7940540,7940540,1994,,,,,"","Acute tyrosine/phenylalanine depletion reduces dopamine activity","Shurtleff D et al.",https://pubmed.ncbi.nlm.nih.gov/7940540/,l-tyrosin,
pmid-8091226,8091226,1994,,,,,"","Cancer chemopreventive activity of sulforaphane, a natural product derived from broccoli","Zhang Y et al.",https://pubmed.ncbi.nlm.nih.gov/8091226/,sulforaphan,
pmid-1618779,1618779,1992,,,,,"","The systemic availability of oral glutathione","Witschi A et al.",https://pubmed.ncbi.nlm.nih.gov/1618779/,glutathion,
pmid-1677062,1677062,1991,,,,,"","Prevention of neural tube defects: results of the Medical Research Council Vitamin Study","MRC Vitamin Study Research Group",https://pubmed.ncbi.nlm.nih.gov/1677062/,folsaeure,
pmid-11310919,11310919,1990,,,,,"","Conditionally essential nutrients: cysteine, taurine, tyrosine, arginine, glutamine, carnitine, and nucleotides","Lacey JM, Wilmore DW",https://pubmed.ncbi.nlm.nih.gov/11310919/,,
pmid-3984604,3984604,1985,,,,,"","Piperine and drug metabolism","Atal CK et al.",https://pubmed.ncbi.nlm.nih.gov/3984604/,piperin,
pmid-6528626,6528626,1984,,,,,"","L-tyrosine to alleviate the effects of stress?","Reinstein DK et al.",https://pubmed.ncbi.nlm.nih.gov/6528626/,l-tyrosin,
pmid-6128034,6128034,1982,,,,,"","D-phenylalanine and other enkephalinase inhibitors as pharmacological agents","Ehrenpreis S",https://pubmed.ncbi.nlm.nih.gov/6128034/,,
pmid-6818213,6818213,1982,,,,,"","Tryptophan and sleep","Hartmann E",https://pubmed.ncbi.nlm.nih.gov/6818213/,l-tryptophan,
pmid-380817,380817,1979,,,,,"","DL-phenylalanine in depressed patients","Beckmann H et al.",https://pubmed.ncbi.nlm.nih.gov/380817/,,
pmid-335027,335027,1977,,,,,"","D-phenylalanine in depressed patients: an open study","Beckmann H et al.",https://pubmed.ncbi.nlm.nih.gov/335027/,,
pmid-4424806,4424806,1974,,,,,"","Effects of tryptophan and 5-hydroxytryptophan on sleep stages in healthy subjects","Hartmann E et al.",https://pubmed.ncbi.nlm.nih.gov/4424806/,5-htp,